label,mutant,score
1,Q03426-312-H-R,0.91385376
1,Q93099-42-E-A,0.7372808
1,Q8N159-484-W-R,0.809003
1,P00439-283-I-F,0.92551565
1,P49768-143-I-T,0.92228043
1,P12883-723-R-G,0.8966846
0,P14868-426-L-F,0.51464957
0,P16220-116-D-G,0.9277732
0,Q86W24-55-R-Q,0.1703551
0,Q658P3-184-A-T,0.07804812
1,P11362-719-M-R,0.9623232
0,P04629-260-R-G,0.46056634
0,Q96GD4-100-H-Q,0.12148487
1,P11413-128-L-P,0.60884005
0,P40692-116-T-K,0.9420906
1,P36507-128-P-Q,0.36448592
1,Q92743-297-V-M,0.75632024
1,P08246-152-L-P,0.9668122
0,P01116-13-G-R,0.92126226
0,Q9NY33-678-R-H,0.22042814
1,P48449-588-G-S,0.91695243
1,P13569-341-S-P,0.91482633
0,P51681-246-L-P,0.18820207
1,P51570-68-R-C,0.92474836
1,P00480-161-N-S,0.9571341
1,P35670-1169-M-V,0.91339505
0,P30043-46-R-Q,0.40138045
1,Q92834-98-H-Q,0.4630454
1,P30793-196-A-S,0.914759
1,Q9UKM7-397-E-K,0.80864394
0,O96017-447-F-I,0.19910465
1,P00480-52-E-D,0.91629004
1,P07333-793-K-T,0.95960975
1,Q9H0F7-89-A-V,0.7226114
1,P50336-401-L-F,0.58158267
1,Q71U36-402-R-L,0.7444032
1,P16278-590-R-C,0.9686138
1,P04424-324-D-A,0.87705994
0,P18440-64-R-W,0.5609834
1,Q92743-364-L-P,0.93072575
1,P54802-140-Y-C,0.8968332
0,P43246-911-L-R,0.81730455
1,P08236-152-D-G,0.9401525
0,P29597-442-R-Q,0.35364404
0,Q8NBJ7-51-D-E,0.39666837
0,O75792-258-A-G,0.04121253
0,O43424-398-F-S,0.9472017
1,P16278-184-Q-R,0.9729065
1,P10828-320-R-L,0.9072282
0,P13569-351-T-S,0.7772805
1,P49959-210-W-C,0.9617975
1,O75369-171-L-Q,0.9593132
0,Q13576-1530-M-I,0.3826937
1,P00480-80-K-N,0.93981457
1,P35557-36-R-W,0.65682
1,Q9UBT6-171-F-S,0.8679008
1,P22304-221-L-P,0.9676826
1,Q14117-68-T-R,0.9816523
1,Q92838-360-I-N,0.97115344
1,P00480-50-G-R,0.9401615
1,P41180-62-R-M,0.8722624
1,P04424-227-L-P,0.8473515
1,Q8NI22-129-D-E,0.6983112
1,O95630-313-T-I,0.71543765
0,Q86YC2-1025-A-T,0.42433348
1,Q9Y223-200-I-F,0.55917037
1,P22033-218-Q-R,0.94500583
0,Q8N8Q3-141-H-Y,0.65738237
0,Q9NQV7-335-Y-H,0.90290064
1,P07101-247-G-S,0.74826586
1,P22304-339-L-R,0.9702213
1,P06744-517-L-V,0.94624054
1,P35240-539-L-H,0.96023244
1,P49748-283-V-A,0.630697
1,Q99972-477-I-N,0.61882234
1,P60891-115-M-V,0.96032774
0,Q15652-2400-D-E,0.2321097
1,O15118-474-P-L,0.7535164
1,Q92838-299-G-D,0.9863273
0,Q9HD67-700-R-Q,0.2594818
1,O43929-174-Y-C,0.89478725
1,P36551-189-G-S,0.909156
0,P43246-835-N-H,0.5095461
1,P08236-374-R-C,0.67961353
1,Q9H0F7-91-I-T,0.9593132
1,P41229-402-D-Y,0.9094537
1,O15118-874-D-V,0.6229964
1,P07359-249-G-S,0.8669569
0,Q86W24-86-D-V,0.2641432
1,P54802-414-H-R,0.43703258
1,P46100-220-C-Y,0.9694695
1,P08236-320-Y-S,0.9643133
1,P54098-807-R-C,0.74150985
1,P54132-952-G-V,0.90702933
1,O14832-257-F-S,0.97103095
1,Q92838-291-G-R,0.9843673
1,P11362-237-G-S,0.7939758
1,P06865-478-G-R,0.98087776
1,O15305-103-C-F,0.9644117
0,P05177-386-I-F,0.91108793
0,Q14353-156-A-D,0.85355985
1,P30793-88-R-P,0.9275349
1,P35670-1169-M-T,0.90101606
0,P52789-387-A-S,0.31363294
1,P12883-684-M-R,0.9804818
1,P22304-465-Q-P,0.95860624
1,O15305-64-Y-C,0.96352446
0,O14976-144-S-L,0.46983537
1,O15118-691-P-L,0.91414034
1,Q8NI60-304-A-T,0.8458198
0,P08833-183-V-I,0.14397192
0,P34913-103-R-C,0.12044128
1,Q9NZU0-69-Q-K,0.6745589
0,Q9NW38-144-S-F,0.50020343
1,O15455-554-P-S,0.45888215
0,Q86XP0-434-S-T,0.2652386
1,O15118-1189-E-G,0.6727836
1,O95831-493-E-V,0.656632
1,P22304-434-E-K,0.9493285
1,Q9NVV9-21-S-C,0.9224636
0,P12883-3-D-A,0.45085537
0,Q15782-184-V-I,0.38519904
1,Q9Y6K1-902-F-S,0.8257275
1,Q8WZA1-120-L-R,0.96880573
1,Q04656-1100-L-P,0.9551443
1,P49768-213-I-T,0.9061432
1,P35557-455-V-M,0.74148864
1,O15305-157-F-S,0.9124396
0,Q01094-252-R-H,0.44649944
1,Q06124-42-T-A,0.48912197
1,P54098-312-W-R,0.9421534
1,P12883-927-E-K,0.9652627
1,P05093-417-F-C,0.8995729
1,Q9Y6K1-648-L-P,0.88081425
1,P00480-155-A-S,0.9275229
1,P13569-57-W-G,0.93728626
0,P98170-133-S-F,0.27586773
1,P49748-294-G-E,0.88426816
1,P00480-67-I-R,0.9664324
0,O60882-139-D-N,0.71497726
1,P54802-565-R-W,0.9249023
0,Q5VVY1-72-A-G,0.67750716
1,P05093-64-Y-S,0.9725079
1,P15056-485-L-F,0.17879222
0,P78368-206-Y-H,0.21637031
0,P48449-175-R-Q,0.6720307
0,P48740-679-G-R,0.9255239
1,P04275-1374-R-H,0.8805509
0,Q5VY80-85-M-T,0.04580287
1,P16278-51-I-T,0.9551943
1,P49768-269-R-H,0.963103
1,P15848-117-C-R,0.9434743
1,P16278-347-Y-C,0.96764934
1,P54098-853-R-Q,0.8844346
1,P00480-49-T-P,0.87175316
1,P15848-312-W-C,0.95624983
0,Q96C23-190-N-Y,0.35940483
1,P07954-233-R-L,0.87496465
1,Q96BN8-272-L-P,0.96271294
1,Q9Y4U1-27-Q-R,0.6180985
0,O95716-64-V-I,0.18281315
1,P35557-80-G-S,0.94321406
1,Q93099-245-V-F,0.9602612
1,Q92838-356-A-D,0.9792541
0,O60671-33-A-G,0.33948717
0,P47871-303-F-C,0.7371472
1,P00439-121-F-L,0.9459641
1,P02511-120-R-G,0.9499055
0,Q86YV6-373-Q-R,0.2894032
1,P42224-285-Q-R,0.6200146
1,P07101-414-G-R,0.66383
0,Q03426-356-T-M,0.3116013
0,Q8N8Q3-201-D-N,0.044315945
1,P15056-671-R-Q,0.8249263
1,P29401-318-R-C,0.7964945
1,P45381-168-R-H,0.54453605
1,Q9UBH6-145-L-P,0.8553584
0,Q14353-157-F-L,0.30680978
0,Q99720-2-Q-P,0.10831321
0,Q9BV20-235-M-V,0.59531385
0,P52789-881-D-N,0.28867078
1,Q13873-347-C-Y,0.814776
1,P00439-410-F-S,0.9381647
1,P22033-108-R-C,0.70846725
0,O00625-228-V-A,0.3282076
1,P22304-345-W-R,0.95996827
1,P35520-352-S-N,0.8661483
1,Q9Y617-179-S-L,0.8322288
0,Q13576-894-T-I,0.685216
0,P04629-80-Q-R,0.15854053
0,P54802-737-R-S,0.88550186
1,Q9Y2M0-871-C-R,0.90367
1,P22033-633-V-G,0.82883537
1,P08236-38-C-G,0.9146126
1,P30084-132-A-T,0.60190153
0,Q16854-170-Q-R,0.9080772
0,P30084-75-T-I,0.11150452
1,P63316-8-A-V,0.7815633
1,P35475-188-F-L,0.88230526
1,P04629-522-G-R,0.97210395
1,P08235-769-L-P,0.96814704
1,O15118-166-P-S,0.82783186
1,P35475-385-P-R,0.97951883
1,Q9BYX4-337-R-G,0.6301595
0,Q9H488-348-D-N,0.46934783
1,P11362-687-G-R,0.96180475
0,P28161-173-S-N,0.044382617
1,O43819-140-E-K,0.35617614
1,Q03426-265-L-R,0.7976283
1,O95831-260-T-A,0.58617735
1,P13716-275-V-M,0.8605595
1,P35520-228-N-S,0.93889374
1,Q92838-358-Q-E,0.9182935
1,Q05193-359-G-A,0.8094363
0,P32298-95-D-H,0.24873565
1,O76039-178-R-P,0.80444443
1,P11362-627-R-T,0.80344933
1,P49768-333-D-G,0.8443279
0,Q99640-246-R-H,0.1473854
0,P29972-45-A-V,0.10415458
1,P35520-302-E-K,0.83511025
1,O15118-537-F-L,0.93797576
1,P22033-694-R-L,0.91605514
0,P54278-60-D-E,0.06995566
1,P11362-274-E-G,0.62609404
1,P13569-1061-G-R,0.94720256
1,P45954-148-T-I,0.9177036
1,Q99720-102-E-Q,0.85712284
0,Q9BSQ5-120-V-I,0.114052586
1,P35475-315-D-Y,0.9715854
1,P12883-500-E-A,0.8908554
0,P50225-151-E-Q,0.6760756
1,P54577-196-E-K,0.7913615
1,P54802-234-R-C,0.79469913
0,Q9UL51-527-R-Q,0.74365616
1,P15056-596-G-V,0.9307865
0,Q04912-185-R-C,0.4617708
1,P55809-456-C-F,0.8420562
1,Q9UH77-340-A-V,0.76083857
1,P13569-1071-Q-P,0.86983746
1,P47712-111-S-P,0.16833615
1,P06744-5-T-I,0.27238095
0,P15311-532-L-V,0.7770558
1,P35475-496-P-L,0.96596634
1,P43246-393-K-M,0.8950587
0,P32754-33-A-T,0.305625
1,Q9UM47-1519-L-P,0.8727239
0,P04629-237-T-M,0.19997382
1,P22033-231-Y-N,0.89966905
1,O14773-206-R-H,0.7452484
0,Q96RG2-1266-F-C,0.1153229
1,P12883-824-V-I,0.4712207
1,P54278-107-R-W,0.6338886
1,P35520-454-V-E,0.85253
0,Q496J9-482-T-S,0.0900925
1,Q99972-502-S-P,0.92868674
0,P18440-261-E-K,0.47935265
1,Q05193-237-R-W,0.904809
1,O14746-1015-C-R,0.8131334
1,O96017-167-G-R,0.84591275
1,P04424-126-R-W,0.7941697
1,Q9HAN9-207-R-W,0.62834984
1,P41180-125-L-F,0.7966385
1,Q99250-1853-H-R,0.95930195
1,P16278-255-Q-H,0.95907456
0,Q9HD67-1663-S-T,0.46833602
1,Q93099-122-A-V,0.7837514
1,P52732-234-R-C,0.9699165
1,P01112-13-G-R,0.86745644
1,P49768-285-A-V,0.9549847
1,O75695-118-R-C,0.8888745
1,O15520-80-R-S,0.9615011
1,O15305-238-R-G,0.9215648
1,P54868-212-G-R,0.9414807
1,Q13586-109-H-N,0.95005774
1,P54098-914-T-P,0.8052007
1,Q9Y223-266-R-Q,0.57376945
1,P54802-446-E-K,0.8260068
1,Q92834-312-D-Y,0.93115616
1,Q03426-279-L-P,0.9646255
1,P55809-133-V-E,0.9000517
1,P16278-482-R-C,0.970542
1,P00480-131-L-S,0.96357286
1,P00738-247-I-T,0.7183137
1,O15305-101-N-K,0.89873564
1,P54098-889-A-T,0.8243836
0,O95497-131-N-S,0.37994474
0,P08684-96-K-E,0.63810337
1,Q16854-154-N-K,0.478909
1,P30793-115-D-N,0.8286083
1,P11413-454-R-H,0.64874643
0,O15455-284-N-I,0.79565305
0,Q9BQA1-48-S-I,0.7440101
0,Q13009-844-Q-H,0.35457796
1,P49748-382-K-Q,0.5489141
1,Q9NWZ3-298-G-D,0.89917994
0,Q8IY92-671-L-S,0.09807203
1,P01116-12-G-A,0.87818116
0,O14815-322-K-Q,0.097823374
1,O60880-42-C-W,0.94335514
1,O75792-186-R-W,0.7378895
0,Q9H981-56-T-I,0.7227989
1,Q03426-264-L-F,0.39132345
1,P00480-198-N-K,0.97828627
1,P00439-310-S-F,0.9815927
1,Q07889-266-T-K,0.8174398
1,P22304-335-H-R,0.9721157
1,O15305-216-N-S,0.56587815
1,P12883-931-E-K,0.9357705
1,P22033-228-R-Q,0.83869106
1,P43246-638-R-G,0.8604523
1,P12883-905-C-S,0.9699925
0,O14815-164-D-N,0.7285889
0,P42224-30-I-T,0.865252
1,Q8TCG5-37-R-C,0.804761
0,P08581-385-C-Y,0.7879187
1,Q9Y5L0-818-R-P,0.90997005
1,P22033-623-G-R,0.92242897
0,P49643-204-D-G,0.6884497
0,P49748-359-A-S,0.81100583
1,P49768-282-L-R,0.9764861
1,P12883-412-T-N,0.93878657
1,P45381-183-P-H,0.9609576
1,P16278-329-T-I,0.9646733
1,P07333-784-V-M,0.9417938
0,O14815-239-A-T,0.18102482
1,P49748-299-K-N,0.4658401
0,P0C0L4-1176-N-S,0.13492943
1,P22033-215-G-C,0.9800954
0,P50226-235-N-T,0.71786547
0,P45877-86-K-R,0.07328844
0,P49736-68-D-E,0.23455743
1,O95571-55-L-P,0.7592323
1,P29965-144-G-E,0.9448964
1,P13569-1282-W-R,0.9580732
1,P22304-490-Y-S,0.9592161
1,Q9NQC7-747-E-G,0.63911253
0,Q92484-161-P-S,0.63080627
1,P35557-70-E-K,0.8864612
0,Q06830-62-R-G,0.3627977
1,P11413-410-G-C,0.81550735
0,P35670-1140-V-A,0.097098984
1,P00480-193-W-R,0.961651
1,Q9Y4U1-92-E-D,0.8541905
1,P54098-879-Q-H,0.88635117
1,Q14623-95-E-K,0.7848097
1,P15056-525-L-P,0.8527653
0,P05177-456-R-H,0.9146373
1,P43246-162-G-A,0.95023674
0,P29317-99-K-N,0.57891166
1,P16278-397-P-A,0.9441572
1,P22033-638-F-I,0.9631791
0,O43929-56-L-V,0.3447665
1,P60484-342-K-N,0.3298168
0,Q86YC2-1143-L-P,0.2194072
1,P04424-306-R-W,0.7356084
1,P26358-511-Y-H,0.96540445
0,Q08AH3-561-A-T,0.0380893
1,P00439-252-R-Q,0.9638719
1,P22033-627-H-R,0.5030274
0,O75191-348-N-D,0.10144218
1,P40692-329-H-P,0.9345343
0,O95256-350-V-I,0.074998006
1,P00439-408-R-Q,0.8719583
1,P00480-315-V-G,0.9617282
1,P04424-59-E-K,0.851563
0,P20809-108-V-M,0.14062424
1,P13569-480-G-C,0.9701616
0,P03956-252-D-G,0.86259425
1,P22304-88-R-H,0.95317316
0,Q14108-159-M-V,0.88299036
1,P00480-172-I-M,0.9506998
1,P06865-462-E-V,0.76506007
0,P35475-33-H-Q,0.13231316
0,Q08AH3-337-V-G,0.18338779
1,O60880-102-V-G,0.9598783
1,P04424-382-M-R,0.9610803
1,Q9UM73-1278-Y-S,0.5678642
1,Q9H0F7-31-T-M,0.7960558
1,O76039-196-S-L,0.86142606
0,P0C0L5-347-S-Y,0.79794323
1,P00439-248-L-P,0.9556411
1,P05093-106-S-P,0.6754254
0,P04629-613-G-V,0.29810643
1,O96017-390-Y-C,0.46422067
1,P35475-103-T-P,0.85127735
1,P54802-314-F-L,0.64780337
1,O95571-164-T-K,0.9455113
1,P35670-1038-R-K,0.6767406
1,P25445-259-I-R,0.9394824
1,Q14623-131-E-K,0.8825658
0,P11086-175-A-T,0.43551973
1,O15118-434-P-L,0.8656825
0,O75469-403-I-V,0.099533446
0,P06727-279-R-K,0.060049392
1,Q99972-345-I-M,0.95003515
1,P07359-172-A-V,0.5821249
1,O00571-568-P-L,0.94192946
1,Q8IWV7-136-H-R,0.7095959
0,Q9NQX4-172-R-C,0.69885385
1,P49257-67-W-S,0.9645281
0,Q96FI4-182-I-M,0.36358505
1,P35670-1035-G-V,0.92002255
0,Q00534-110-D-N,0.27395532
0,P0C0L4-727-D-N,0.8278416
1,P51570-346-G-S,0.7405343
1,P15848-95-R-Q,0.87623465
0,Q9NUV9-128-E-D,0.062097218
0,Q96BN8-311-N-S,0.093962
1,O15305-106-Y-F,0.91875136
0,O43187-43-R-Q,0.50466126
0,P42773-126-T-M,0.6276934
0,Q92854-72-A-T,0.37457532
1,Q99972-342-R-K,0.7713078
1,P45381-57-A-T,0.9523323
1,P00439-415-D-N,0.8312254
0,Q9HBL8-23-T-I,0.4727148
1,P60891-115-M-T,0.761672
0,O00429-426-E-D,0.25343475
0,P32298-247-V-I,0.4948942
0,Q96QK1-774-L-M,0.24036881
1,P54098-807-R-P,0.8858604
1,Q13158-105-C-W,0.5966127
0,Q9HAV4-610-K-N,0.35222146
0,Q9H222-622-M-V,0.044515505
0,Q9NP72-113-N-S,0.36158204
1,P00439-338-D-Y,0.9047173
0,Q9NWZ3-355-M-V,0.81878024
1,P32322-206-G-W,0.8851343
1,P00439-174-I-V,0.77709436
1,Q9H3H5-114-A-G,0.9036886
1,P54802-565-R-Q,0.9018356
1,P15056-581-N-H,0.959053
1,P13647-438-A-D,0.59785223
1,Q15046-349-D-N,0.8101504
1,Q8WZA1-490-C-Y,0.8781881
1,P22033-454-G-E,0.9800244
0,P19367-776-L-M,0.24358235
1,P42336-88-R-Q,0.808631
1,P35914-174-C-Y,0.8750375
1,P00439-349-S-L,0.9775603
1,P06744-339-L-P,0.9489279
1,P13569-544-G-V,0.9611692
1,O15357-688-W-C,0.9745891
1,P49768-233-M-L,0.805067
0,Q07157-471-N-S,0.73564863
1,P54098-749-F-S,0.81676775
1,P41180-53-S-P,0.91569406
1,P11362-722-P-S,0.749863
0,P50440-234-D-G,0.7754675
0,Q9Y5Z4-140-R-Q,0.74687105
1,P42336-218-E-K,0.747947
0,P46063-495-D-H,0.5047829
1,P12883-852-M-T,0.94885814
0,P11413-131-G-V,0.8185307
1,Q92736-419-I-F,0.94103676
0,Q92542-75-V-I,0.31235433
1,P60484-27-Y-N,0.9593231
1,P04424-229-S-T,0.79321945
0,P49759-307-P-S,0.098107465
1,Q9NP58-811-L-V,0.39618918
1,O75369-173-A-T,0.9661266
0,O95486-396-T-M,0.625582
0,P35221-179-A-V,0.56666803
1,P13569-549-S-N,0.78516364
1,Q07889-170-K-E,0.8987926
0,P49643-259-G-S,0.48453987
0,B2RXH2-26-A-T,0.048810802
1,P07954-107-N-T,0.81962067
1,Q96NY8-185-T-M,0.5449082
1,P41180-220-R-W,0.89016134
1,P35520-379-R-W,0.86467016
0,Q86W24-92-K-R,0.082640395
0,Q9H0J9-620-A-V,0.53298026
1,P00439-124-T-I,0.7967629
1,P07101-259-E-G,0.96016926
0,P49643-446-Q-H,0.55861044
0,P31645-550-L-V,0.09550401
1,P00480-202-H-Y,0.9762462
1,O15118-849-S-I,0.9540243
0,Q96BN8-227-S-N,0.13896307
0,Q12884-363-S-L,0.6819773
1,P50336-433-A-P,0.9570444
1,P07333-770-A-P,0.5238189
1,P41180-55-P-L,0.87502176
0,Q14353-224-A-T,0.10387945
1,P47895-493-A-P,0.84580016
0,P26045-763-D-N,0.060242318
1,P11413-387-R-H,0.7674257
1,O14656-288-R-Q,0.45096725
1,P40692-31-A-C,0.8306792
1,P31939-426-K-R,0.84105825
1,P41180-549-G-R,0.97137725
1,P46100-190-P-S,0.9164334
1,P13569-562-V-L,0.7691495
1,Q9UBT6-154-G-E,0.9677076
1,P55064-38-A-E,0.2552605
0,P48637-236-R-Q,0.78069323
1,P19429-162-R-P,0.81877303
0,P11086-98-T-A,0.2994713
0,P50225-223-V-M,0.25089422
1,P13645-439-K-E,0.7570233
1,P06865-485-W-R,0.85169077
1,P02511-140-D-N,0.878172
1,Q13485-361-R-H,0.94043
1,O14773-422-Q-H,0.9650008
1,P35475-366-T-P,0.6844893
0,P24723-374-V-I,0.102754846
1,P60484-155-Y-C,0.9525536
0,P05177-348-D-N,0.43539467
1,P11413-323-L-P,0.38918626
1,P16278-422-L-R,0.98268074
1,P22304-115-N-Y,0.8491917
1,P43246-603-D-N,0.83471096
1,P12883-450-K-T,0.964003
1,Q07889-552-R-G,0.8331806
1,P08246-53-H-Q,0.9542528
1,P35520-101-L-P,0.9228473
0,O75695-282-R-W,0.61595523
1,P07333-843-I-N,0.96004367
1,P41180-136-P-L,0.85057145
0,Q9UJ71-288-N-D,0.23496075
0,P11245-145-Q-P,0.9710981
1,P13569-205-P-S,0.8092986
0,P51649-372-N-S,0.85154575
1,P22033-587-Y-C,0.97453
1,O60741-279-H-Y,0.82622474
0,Q9Y6J6-66-A-V,0.8701361
1,Q15831-239-W-S,0.9456245
1,P48637-330-R-C,0.69911915
1,P22033-370-T-P,0.88574123
1,P35520-331-A-V,0.89582926
1,P45954-255-L-F,0.14500211
1,P16278-484-N-K,0.95633835
1,P12883-358-H-L,0.9626691
1,P43246-660-D-G,0.8202493
1,P15056-581-N-D,0.9022166
1,O14773-287-I-N,0.8229283
1,O15305-148-D-N,0.93613005
0,Q9NP95-175-P-A,0.24696568
1,P50336-38-R-P,0.96111697
0,O00391-444-H-R,0.077303365
1,Q92838-334-R-H,0.92023575
0,Q68CZ1-647-V-I,0.1055174
1,P11362-703-G-R,0.95758903
0,P29972-165-G-D,0.20577474
0,P25445-305-T-I,0.1117065
0,P48147-706-V-I,0.24799983
1,O75695-118-R-L,0.71933234
1,P51149-157-K-N,0.5047755
1,P12883-736-I-T,0.9409409
1,P15848-210-Y-C,0.9196856
1,P04275-1285-S-F,0.97544724
0,P11245-114-I-T,0.14214036
0,Q6P1X5-447-S-T,0.60841095
1,P35670-1068-E-G,0.91045004
0,P32298-440-A-V,0.16634306
1,Q04771-356-G-D,0.88458735
0,Q9HAQ2-96-G-A,0.8233628
0,P16278-109-R-W,0.46936837
0,P00918-18-K-E,0.07226784
1,P22033-309-W-G,0.971376
1,P40692-67-G-R,0.98178375
1,O15118-670-C-W,0.9675067
0,P32298-495-A-T,0.13195081
1,P35520-434-T-N,0.92658454
0,Q9UJJ7-124-E-Q,0.56794465
1,P13569-467-L-P,0.9586277
0,P08581-238-L-S,0.27993774
0,O00206-342-F-Y,0.10894054
1,P42336-546-Q-E,0.80947244
1,P54802-650-G-E,0.9529035
1,Q9H2C0-169-E-K,0.9031234
1,P15056-469-G-A,0.8699227
1,Q86SX6-148-L-S,0.65517586
0,P15144-242-D-Y,0.816224
1,P54098-1146-R-C,0.7979695
1,P43246-173-L-P,0.95625997
1,O15118-1087-F-L,0.7632256
1,P51570-384-A-P,0.9706588
1,O43819-193-G-S,0.86254287
0,Q08AH3-335-V-L,0.10426513
1,Q99972-499-I-S,0.9682389
1,P35670-1036-V-I,0.28305858
1,P06865-250-G-S,0.9443905
1,P54098-574-R-W,0.77851605
1,P00439-123-R-I,0.85001737
1,P22033-156-D-N,0.9184699
0,O14832-215-G-S,0.1730761
1,Q92834-173-G-R,0.93394935
1,P00439-205-E-A,0.9614296
1,P19878-128-A-V,0.6847738
0,Q07889-1011-N-S,0.5756434
0,P06727-250-E-K,0.7859582
1,P15056-531-W-C,0.8276374
1,P22033-386-H-R,0.79188883
1,P22304-135-K-R,0.8549704
1,P32322-206-G-R,0.9508432
0,P53671-418-R-C,0.4179462
1,P36551-327-H-R,0.8083681
1,P51648-419-F-S,0.8567992
1,Q9H0F7-170-L-W,0.8976761
1,O15118-734-S-I,0.8930828
1,P50440-346-P-L,0.6553568
1,P11362-252-P-R,0.7658654
0,Q8IV63-288-C-Y,0.65784955
1,Q8WZA1-427-D-H,0.94394296
1,Q71U36-422-R-C,0.83856493
1,P46100-219-Q-P,0.92228925
0,Q96RU8-360-E-D,0.06187913
1,P22304-73-L-F,0.93142796
1,Q92838-343-Y-C,0.97253877
1,P12883-719-R-Q,0.8312355
1,P35475-388-T-R,0.97545683
1,P43246-492-M-V,0.9187211
1,Q06124-58-N-K,0.8261405
0,Q96RU8-298-R-C,0.55246574
1,P45381-305-A-E,0.87997746
1,P04424-156-P-R,0.9423081
0,P51681-55-L-Q,0.74333024
1,P12883-696-N-S,0.9284719
1,O60880-54-Y-C,0.964933
1,Q8WZA1-269-C-Y,0.87034106
1,P19878-140-A-D,0.85230404
1,Q8WZA1-287-I-S,0.8774466
1,P35520-446-A-S,0.88398373
1,P16278-151-D-Y,0.95332265
0,P11245-197-R-Q,0.5142826
1,Q93099-60-W-G,0.96072745
1,P49748-317-V-A,0.740488
1,P20839-372-H-P,0.9341564
1,O76039-25-G-R,0.9660026
1,P22033-161-G-R,0.97819304
1,P11413-291-V-M,0.65333325
1,P60709-364-E-K,0.8671518
1,P23025-108-C-F,0.9128729
1,P11413-198-R-C,0.9201283
1,P11413-32-H-R,0.3302126
1,P35557-447-R-Q,0.8841567
1,P14868-494-R-C,0.7190708
0,P43246-106-R-K,0.37694362
1,P36897-200-T-I,0.8584582
0,P21399-395-A-D,0.65935785
0,P27352-65-G-R,0.60934687
1,Q06124-76-E-V,0.90753174
1,O15118-451-E-K,0.72764844
1,P12883-390-L-V,0.9547169
1,Q93099-183-Q-R,0.89737445
1,O15118-433-P-L,0.91672677
1,P05093-201-Y-N,0.96345544
1,P60484-105-C-F,0.97450715
1,O00571-534-R-H,0.83181375
1,P60484-252-D-G,0.85008836
0,O96017-436-L-M,0.1247328
1,Q99972-481-P-L,0.959516
1,Q93099-120-C-W,0.917764
1,O15118-948-D-H,0.89617646
0,P45984-246-A-T,0.060914394
1,P22033-328-L-P,0.97649187
0,O95571-21-A-S,0.86471117
1,P20839-226-D-N,0.8148564
1,P54132-843-T-I,0.5232783
1,P13569-139-H-R,0.9349097
1,P35557-248-E-K,0.8439638
1,P16278-579-G-D,0.9770065
0,O14618-163-R-W,0.77816546
1,P61916-93-C-F,0.8534137
0,P11245-280-V-M,0.21392846
1,P00439-167-N-I,0.91006404
1,P37173-247-D-V,0.6103097
1,P22304-468-R-G,0.95458156
1,P08246-72-V-M,0.9404448
0,P23458-973-N-K,0.24271688
1,P25445-272-E-G,0.8655727
1,P11362-250-R-W,0.9567884
1,Q8N335-124-I-V,0.29453838
0,Q9BTZ2-31-A-T,0.19306257
0,P00480-43-L-F,0.86229867
0,P21964-102-A-T,0.103464335
1,P35670-1065-A-P,0.9752771
1,Q14623-130-T-N,0.9230637
0,Q9BXR5-736-Y-C,0.3344532
1,P42336-365-E-K,0.7692826
0,Q8TCG1-447-T-A,0.18031669
1,P22681-382-K-E,0.7290359
1,O15118-1094-I-T,0.9042926
1,Q9BYX4-779-R-C,0.6564319
1,P00480-95-L-S,0.8949019
1,P29965-224-H-Y,0.84024185
1,Q9UH77-433-S-N,0.6818488
1,Q14896-417-A-S,0.8877643
1,P49748-456-R-H,0.58324975
1,P40692-67-G-E,0.98355824
1,P30084-59-N-S,0.6307571
1,P15056-580-N-D,0.7696592
1,P07101-376-A-V,0.8493729
1,P15056-597-L-V,0.8048864
1,P43246-669-G-R,0.97009957
1,P22033-93-R-H,0.88640714
1,Q9Y253-263-G-V,0.9794829
1,Q99836-93-L-P,0.9387751
0,Q8IUX4-231-V-I,0.041549686
1,P19429-116-A-G,0.23197483
1,P41180-354-E-A,0.85161406
1,P08246-151-C-F,0.9798869
1,Q06124-62-Y-D,0.90919405
1,P08236-52-S-F,0.8803449
1,P11413-394-V-L,0.621328
1,P60891-87-A-T,0.8105864
1,Q13586-81-G-D,0.9664158
1,P60484-127-G-R,0.9788006
1,Q9HAN9-237-R-L,0.7111872
0,P16234-842-D-V,0.85269576
1,P30793-141-C-R,0.9604316
1,P49768-120-E-D,0.5067443
1,P78504-37-L-S,0.87938035
0,Q9UDX3-211-E-K,0.8005389
1,P12883-550-A-V,0.91200614
1,Q9BYX4-779-R-H,0.7527698
0,P32298-65-R-L,0.48632634
1,P10828-243-R-Q,0.9063912
1,P02511-154-G-S,0.81660426
1,Q6PI48-152-C-F,0.86284274
0,O60671-104-T-S,0.15852702
0,Q9NXN4-95-P-R,0.69039696
0,Q9H2X3-251-Y-C,0.11273343
1,P40692-64-N-S,0.9484822
1,P60484-234-R-Q,0.6904454
1,P07954-282-G-V,0.97285366
0,O00423-556-S-P,0.21715884
1,P29965-176-T-I,0.92378503
1,Q07889-85-W-R,0.89696443
1,P19878-137-W-R,0.6245508
1,O95278-310-L-W,0.9696044
0,Q15661-141-T-A,0.11817226
1,Q86XE5-287-G-V,0.88790643
0,Q04912-75-R-S,0.46623883
0,Q6P1X5-686-E-K,0.7835142
1,P49768-409-A-T,0.90153265
1,P78504-184-R-G,0.9264178
1,P00480-129-R-H,0.7772928
1,P12883-263-I-T,0.8976069
1,Q13563-414-W-G,0.969743
1,P00480-90-S-N,0.97199607
1,P38484-114-R-C,0.92783886
1,P12883-497-E-D,0.6211848
1,Q14353-78-V-E,0.9727078
0,Q99551-294-A-T,0.038746975
1,P08246-120-I-F,0.93719286
0,P05177-457-R-W,0.5933857
0,O00206-246-C-S,0.19604369
0,P67775-52-V-A,0.6015591
1,P37173-522-D-N,0.8333646
0,P06865-293-S-I,0.27258158
1,P54802-591-L-P,0.9624599
1,P29965-126-V-D,0.9765385
0,Q13163-118-H-R,0.8780297
0,Q92736-507-V-I,0.108821705
0,P49768-318-E-G,0.80300224
1,P08236-216-R-W,0.90247643
0,Q9BVJ7-131-G-S,0.58115554
0,Q8WXE9-307-S-P,0.7451852
1,Q7LG56-194-E-K,0.8682947
1,P35475-238-L-Q,0.8343968
0,Q9UI17-279-S-P,0.43781582
0,O75191-85-D-E,0.10877537
1,P13569-1286-F-S,0.957077
1,P16278-83-Y-H,0.9641685
1,Q9Y223-162-R-C,0.64091694
1,P13569-551-G-D,0.948782
1,P06744-300-A-P,0.9718431
1,P36871-19-T-A,0.6959803
0,Q9BRG1-76-I-V,0.16400595
1,O14773-385-V-D,0.88386464
1,P50440-282-R-H,0.7536398
1,Q04656-1118-G-D,0.9761277
1,Q14896-342-V-D,0.949593
1,P54819-165-D-G,0.87296003
1,P13569-560-R-K,0.8830556
1,P43246-583-N-S,0.9171371
0,Q92878-616-K-E,0.35274702
1,P00439-245-V-A,0.89919865
0,P51570-274-G-D,0.9578649
0,Q02548-26-V-G,0.830002
0,O60603-753-R-Q,0.55545807
1,Q9Y6K1-749-R-C,0.80609334
0,P54098-463-L-F,0.51973486
1,P00439-310-S-Y,0.984101
1,P14923-265-R-H,0.8474207
1,P00480-136-D-V,0.8996498
1,Q9Y2Z4-191-G-D,0.9330013
1,P37173-356-R-G,0.92564607
1,O14745-153-R-Q,0.73966044
1,Q9UM73-1128-G-A,0.87976587
1,P40692-111-A-P,0.9520685
0,P00480-333-T-A,0.82941747
0,P11362-213-W-G,0.81400824
1,P13569-1255-S-P,0.65815514
0,P19878-389-H-Q,0.2858653
0,P08235-826-F-Y,0.22814699
0,Q8IY92-787-E-K,0.12107678
0,Q99467-356-V-M,0.107876934
1,P22304-140-G-V,0.9630357
1,Q03426-20-H-N,0.7565102
0,O15118-381-W-C,0.87534416
1,P30793-144-H-P,0.7242
0,P15735-247-E-G,0.45638314
1,P54098-953-R-C,0.8660346
0,Q86XP0-783-R-Q,0.04947181
0,Q16828-144-S-A,0.6615879
0,Q8TCG1-126-K-R,0.03484189
1,O15118-703-F-S,0.91096646
0,P51686-284-M-V,0.04927043
1,Q07889-269-M-R,0.8866127
1,P16278-597-P-S,0.94781446
1,Q92736-243-E-K,0.9003947
0,Q86W24-21-E-K,0.2944215
1,P49748-366-R-C,0.67709255
1,P05093-373-H-N,0.92905164
1,P15056-499-K-N,0.19588839
1,Q9H221-574-G-R,0.6566984
0,P33763-54-D-G,0.5026229
1,Q8NI60-304-A-V,0.8465578
0,P21397-314-F-V,0.69678736
1,P12883-953-D-H,0.9591119
1,P35520-422-P-L,0.7382636
1,Q92838-306-Q-H,0.9802009
0,O14815-327-H-Q,0.28619567
1,O15305-206-F-S,0.9701114
1,P16278-457-R-Q,0.8739547
1,P35475-535-L-F,0.94982064
0,Q86YV6-318-C-Y,0.4472659
0,O60602-644-I-F,0.059035752
1,P36551-208-S-F,0.89643437
1,P08246-153-A-D,0.9677441
1,Q92838-293-L-P,0.9797941
1,P35475-364-T-M,0.966271
1,Q93099-197-R-G,0.96518695
1,Q9H2C0-15-R-S,0.63782614
1,P12883-244-F-L,0.9030492
0,P20138-22-W-R,0.07413631
0,P36776-911-V-I,0.11613493
1,P22304-334-D-G,0.9605608
1,Q13485-383-I-K,0.9456245
1,P04049-603-L-P,0.8475233
1,Q14896-352-L-P,0.9474023
1,Q9UBH6-136-S-N,0.46971583
1,P29965-254-T-M,0.5846487
1,P00439-222-D-V,0.9700013
1,P01116-71-Y-H,0.8799823
1,P60484-129-G-E,0.797579
1,P15848-116-P-H,0.8946564
1,P00480-345-Y-D,0.8197336
0,Q96F10-126-R-C,0.840112
0,Q9NRK6-242-R-G,0.6077987
0,P11413-126-N-D,0.058168095
1,P15056-468-F-S,0.8100678
1,Q9H2C0-138-R-H,0.8674679
1,Q9UBT6-487-I-T,0.88777167
1,P00439-277-Y-D,0.96505916
0,P15151-67-A-T,0.046727616
1,Q9UH77-336-R-I,0.71765625
0,O75460-700-N-S,0.77052104
1,P05093-496-R-H,0.6194142
0,P34913-154-C-Y,0.55667514
1,P49768-266-G-S,0.9662588
1,Q15831-182-L-P,0.9683394
0,Q59H18-637-T-M,0.6653029
1,P30793-199-P-L,0.9301002
0,Q06323-55-S-N,0.09548401
1,P04424-113-R-Q,0.82790637
0,P13569-605-S-F,0.62417215
0,P02774-432-D-E,0.06010121
1,P35557-414-K-E,0.8019402
1,P35520-288-A-P,0.9741543
0,P43246-564-T-A,0.8034251
1,P22033-717-G-V,0.8582858
1,P35557-378-A-T,0.47124454
1,P49748-290-G-D,0.87059885
1,P35475-383-R-H,0.8615136
0,Q15080-153-R-H,0.23518725
1,O15119-143-L-P,0.9510986
1,P45381-285-E-A,0.56667787
1,P48637-314-P-L,0.8654501
1,P13569-117-R-H,0.867511
0,Q9BXR5-775-I-F,0.19922404
1,P12883-858-R-C,0.7869287
1,P49768-79-A-V,0.8852164
0,P55212-35-E-K,0.24397446
1,P35555-1487-D-A,0.9048773
0,Q6PIF6-1647-E-D,0.14024425
1,P60891-290-I-T,0.6270903
1,P05089-74-G-V,0.98078066
0,P50225-151-E-D,0.07606801
1,P54098-623-L-W,0.81054837
1,Q9NPD8-2-Q-E,0.5514828
0,Q9Y4U1-60-D-H,0.87225974
1,P11413-212-M-V,0.78601706
1,P16278-332-D-N,0.9393339
1,P13569-42-S-F,0.7712227
1,P78504-181-Y-N,0.96657836
1,P11277-2023-A-V,0.6311493
1,O15118-754-M-K,0.9055484
1,P50336-420-P-R,0.96921366
1,Q16667-187-N-S,0.8899063
0,Q86Y07-157-I-M,0.28343946
1,P07101-492-P-L,0.8709008
1,P30793-106-T-I,0.9279976
1,P50336-290-V-M,0.8037375
1,Q8NI22-136-I-T,0.7703141
0,Q16548-19-C-Y,0.15726238
0,O14773-100-Q-R,0.2650214
1,Q99972-377-T-K,0.9687779
1,P22304-480-P-Q,0.9664039
0,P19440-52-K-E,0.30397782
1,P06865-200-V-M,0.7712355
1,P13569-56-E-K,0.91625506
0,Q15661-136-H-R,0.10678991
0,Q9NVS9-167-I-T,0.9400619
1,P07333-765-G-D,0.9789499
1,O94804-277-K-E,0.61361724
0,P78368-223-T-M,0.3115285
0,Q76LX8-618-P-A,0.8526274
0,Q96QK1-602-V-D,0.8753301
1,Q15831-67-L-P,0.8600204
1,Q9UH77-427-M-T,0.8322248
1,P42336-546-Q-R,0.8335488
0,P43246-367-V-I,0.51894873
1,Q9Y6J6-77-R-W,0.75080234
1,P12883-196-A-T,0.89731103
1,P41180-116-A-T,0.8330807
1,Q06124-76-E-K,0.9029288
0,Q6IMI6-148-Y-C,0.43093103
1,P22033-281-L-S,0.7381027
0,Q9Y251-307-K-R,0.09514265
1,P54886-637-L-P,0.8977473
0,P03956-406-S-T,0.09935349
1,P35520-109-C-R,0.9517773
0,P51649-237-A-S,0.70536035
1,P54802-35-L-F,0.88903624
1,Q93099-187-R-G,0.9661343
1,Q9UHD2-559-M-R,0.975777
0,Q8N4T8-70-L-M,0.31455332
1,P32322-179-A-T,0.8443864
1,O95278-148-N-Y,0.8669025
1,P00439-395-A-P,0.9743513
0,P35475-105-R-Q,0.09372313
1,P26358-590-V-F,0.89337516
1,Q93099-152-G-A,0.9578883
1,O15118-404-R-Q,0.7597279
1,P07954-318-H-Y,0.96912026
1,P04181-184-A-T,0.95888263
0,Q9HB96-340-G-R,0.22939824
0,Q9UM73-1328-M-L,0.3166667
0,Q13796-1475-I-V,0.051618822
1,O75792-240-T-M,0.6404548
1,Q9BXJ0-163-S-R,0.47267604
1,P22033-621-K-N,0.92633384
0,P43358-137-L-Q,0.9436761
0,P35558-138-T-I,0.70963794
0,P58753-96-D-N,0.43401748
1,P48735-158-P-L,0.921613
1,Q9UL18-199-G-S,0.9658225
1,Q9Y6K1-532-G-S,0.92118984
1,P15882-228-G-S,0.7080154
0,O75792-205-D-E,0.16473642
1,P13569-574-P-H,0.94390506
1,P06865-454-G-S,0.85182387
0,O60602-592-N-S,0.03264592
1,P22304-88-R-G,0.9672423
1,P22304-488-M-I,0.92913574
1,Q7LG56-41-R-Q,0.93556416
1,Q86XE5-257-C-G,0.87094414
0,P78368-196-I-T,0.22321388
1,P00480-57-L-Q,0.96469384
1,P25445-260-D-G,0.8552386
1,O15118-944-D-N,0.7452874
0,Q96CF2-232-A-T,0.4539805
1,Q93099-373-P-L,0.8324849
1,P47897-403-R-W,0.50653744
1,P22304-336-G-R,0.982865
1,P38646-126-R-W,0.8529162
0,Q13394-70-S-P,0.8482572
1,P60891-114-N-S,0.5673052
1,P04424-120-D-E,0.8608167
1,Q6PHW0-101-R-W,0.6318369
1,P60484-136-C-R,0.97507155
1,Q8WZA1-156-E-K,0.85545725
1,Q93099-44-L-F,0.9085421
1,P13569-1397-V-E,0.8543263
1,P41180-110-A-T,0.8976933
0,Q15661-53-P-R,0.13074732
0,O75695-144-K-R,0.1960973
1,P22304-142-S-Y,0.9771666
0,Q86VW2-253-C-Y,0.80111
1,P35520-266-R-K,0.81573004
0,P08263-113-P-Q,0.1598309
1,Q9UM73-1151-T-M,0.6269621
1,P12883-721-R-S,0.9555709
1,P06865-391-V-M,0.8959521
1,P22033-615-P-L,0.9559277
1,Q9Y6K1-549-C-R,0.97719175
1,P22033-141-A-T,0.8209566
1,P50336-232-G-S,0.9666969
1,P78504-274-G-D,0.9468372
1,P00480-277-R-Q,0.92553735
1,O14832-199-I-F,0.9620867
1,O43435-148-F-Y,0.29671502
0,Q9H221-210-V-M,0.20772687
1,P08246-49-L-P,0.94027364
1,P22033-187-T-S,0.49083617
1,P42224-170-Y-N,0.8379851
1,Q13485-496-R-C,0.8882437
0,P58753-197-V-I,0.11226197
0,Q9UM07-275-S-F,0.30067986
0,P20839-285-A-T,0.72137284
1,P35475-75-A-T,0.40354183
1,Q03426-12-G-R,0.9788342
1,P23526-49-R-C,0.79413825
1,Q93099-122-A-D,0.96908474
1,Q13485-361-R-S,0.9420857
1,O14773-339-R-W,0.96562374
0,Q14397-446-P-L,0.3759849
1,Q68CZ1-659-S-P,0.80045605
1,Q9BYI3-53-L-P,0.69464326
0,O00584-236-R-W,0.12822352
0,P17066-194-E-K,0.29164407
0,Q14353-95-V-I,0.5315015
1,P51149-129-L-F,0.49214086
0,P14598-258-K-E,0.8333646
1,P13569-117-R-L,0.906879
1,P54132-891-G-E,0.9755245
1,P36551-249-P-S,0.9465094
0,P0C0L4-477-R-W,0.9446659
1,P41180-185-R-Q,0.9080419
1,P04424-297-R-W,0.8955801
0,P49005-303-N-S,0.76381594
1,Q96B26-272-S-T,0.59787136
1,P22304-410-L-P,0.9626206
1,P00480-195-G-R,0.9876008
1,P35520-128-E-D,0.726449
1,P35557-119-A-D,0.91227114
1,O15118-501-D-V,0.9457563
1,P07954-195-M-T,0.9671059
0,P06732-127-L-V,0.14254612
0,Q14353-44-R-L,0.65040493
1,O15305-229-Y-S,0.7163607
0,Q7Z434-79-C-S,0.63962317
1,P15882-20-L-F,0.3141047
1,P10828-345-G-S,0.8844767
1,O43318-168-G-R,0.95023113
0,P13569-576-G-A,0.7464339
1,Q92838-274-W-R,0.9849903
1,Q92838-266-L-R,0.97868115
0,Q92913-197-K-Q,0.65215313
1,P42224-165-D-G,0.86080796
1,P13647-475-E-G,0.8064841
0,P08684-467-P-S,0.13788989
1,Q99250-1882-R-L,0.7502806
1,P35670-1153-W-C,0.95715666
1,Q15831-49-Y-D,0.9556886
1,P13569-338-T-I,0.91857755
1,O15118-473-S-P,0.82363033
1,P00480-98-E-K,0.85540074
1,P04424-31-D-N,0.8102252
1,O43318-100-V-E,0.8995851
1,P12883-539-M-V,0.95347023
1,O14832-269-N-H,0.9131842
0,P19801-332-S-F,0.31238624
1,P60484-68-Y-C,0.9640404
1,P13569-117-R-C,0.91840094
1,P51649-487-V-E,0.9634018
1,P00439-330-E-D,0.94658566
1,Q13148-263-K-E,0.88742864
1,P41180-551-R-K,0.644044
1,P20839-116-T-M,0.85370827
1,P43246-554-S-G,0.81699675
1,P61916-120-P-S,0.4897975
1,Q9Y3E5-85-Q-P,0.62443274
1,P30793-178-R-S,0.8994233
1,P54802-658-Y-F,0.65687865
1,P04424-166-P-H,0.96938133
1,P40692-182-R-G,0.8514137
1,P07101-296-R-Q,0.30384028
1,P13569-1249-G-E,0.9563428
0,P49768-261-V-G,0.9041669
0,Q04609-475-H-Y,0.30307162
1,P60484-67-I-R,0.9606264
1,P35520-449-V-G,0.9599226
1,P00439-273-S-F,0.9628126
1,Q9NZU0-97-E-G,0.5728437
0,P60484-174-Y-N,0.85382485
1,O95786-373-E-A,0.40028617
1,P13569-1085-H-R,0.90917206
1,P35555-1631-C-G,0.9725896
1,P00480-302-H-Y,0.9598709
1,O43318-241-W-R,0.84028256
1,P20839-268-V-I,0.53608644
1,P41180-66-R-H,0.80681634
0,P06734-284-R-Q,0.21704186
1,P08246-72-V-G,0.9637852
1,P15428-140-A-P,0.79379505
1,Q9H3L0-259-L-P,0.73852146
0,Q02548-80-P-R,0.8992086
1,P37173-336-Y-N,0.61670774
0,Q96PY6-76-L-V,0.31535476
1,P46100-200-C-S,0.9772486
1,P49768-166-L-P,0.97538304
0,Q8WXG8-23-E-A,0.44867936
1,Q14353-75-A-V,0.8435442
1,P04629-714-G-S,0.84431577
1,P47895-89-R-C,0.76043046
1,P01116-13-G-V,0.9652563
0,P07550-220-S-C,0.27077186
1,P13569-620-H-P,0.9029989
1,P00439-334-C-S,0.9775825
1,O15118-1054-A-T,0.8847161
1,Q03426-291-Y-D,0.9650525
0,P35520-548-R-Q,0.08536684
1,P00480-264-T-N,0.9173074
0,P17066-178-P-A,0.4119277
0,Q6IQ20-152-S-A,0.12584782
1,P35670-1033-T-S,0.88964355
1,O15305-139-E-K,0.8698347
1,O15118-910-G-S,0.79994136
1,Q9H222-550-R-S,0.9423879
1,Q92743-286-F-V,0.8565021
1,P55809-215-A-V,0.84181356
1,Q9NVS9-225-R-H,0.62147444
1,P49748-352-M-V,0.94299257
1,P54802-501-V-G,0.9544482
0,P13569-467-L-F,0.8631717
1,P42224-600-L-P,0.80465066
1,Q03426-265-L-P,0.83746076
1,Q9Y223-306-R-Q,0.93263334
1,Q93099-258-Q-P,0.88819224
0,Q13740-229-G-D,0.75034875
0,O75473-383-H-R,0.39228418
1,P55789-194-R-H,0.8153432
1,Q9Y5X0-16-R-L,0.6694142
1,Q9Y4U1-147-G-D,0.8558215
0,Q16853-317-Y-H,0.0795252
1,P16671-413-I-L,0.120144315
1,O60880-7-Y-C,0.9586975
0,Q9BU02-176-H-R,0.1796154
0,P78318-106-R-Q,0.9592272
1,P10828-345-G-V,0.9354544
0,P17066-198-L-F,0.9404484
1,P12883-515-M-V,0.95805854
1,O14832-275-R-W,0.9707813
0,Q7Z434-79-C-F,0.8182041
1,P00439-386-Y-C,0.97887087
1,P00480-197-G-R,0.98697776
1,P13569-1032-Y-C,0.9111071
0,Q14353-27-Y-H,0.6012064
0,O95497-146-D-N,0.202595
0,Q92673-528-A-T,0.68973964
1,P35557-456-A-V,0.91629577
1,Q92838-255-G-C,0.9844163
1,Q9Y3Q4-553-D-N,0.7765207
1,P31371-99-S-N,0.5337954
1,O15118-865-S-L,0.9074829
1,P22033-358-L-P,0.95486736
0,Q13618-184-R-S,0.54713327
1,P15882-143-Y-H,0.86003065
0,Q9BYX4-460-H-R,0.6655784
0,O14920-526-R-Q,0.499903
1,P19878-161-K-E,0.9029829
1,Q93099-230-P-S,0.75399804
1,Q15831-135-G-R,0.8913387
0,Q16548-117-E-D,0.050808575
1,Q14807-149-R-L,0.83467674
1,P35557-385-G-V,0.9666098
0,P04921-124-K-E,0.6410915
1,P04629-657-L-P,0.9645382
1,P00439-344-G-V,0.98728544
1,P22304-117-S-Y,0.9292322
1,P78504-220-C-F,0.9536803
1,P04181-394-C-Y,0.90169305
0,P49917-461-E-G,0.35137227
1,P22033-640-D-Y,0.93152386
1,P49768-231-A-V,0.8514514
0,Q9NRK6-545-D-N,0.77088314
1,P07333-766-M-T,0.70232826
0,Q86YC2-1114-Q-H,0.84792304
0,Q9UDX3-124-R-G,0.81265485
1,P36551-214-L-R,0.97761476
1,P16278-136-P-S,0.9501733
1,P12883-924-E-Q,0.9181657
1,P54132-1055-C-S,0.91581357
0,Q99707-52-R-Q,0.53941953
1,Q9NVV9-54-C-F,0.97564924
1,P54098-562-R-Q,0.68742114
1,Q16854-142-R-K,0.6587687
0,P34947-141-L-I,0.51498085
1,P05093-453-F-S,0.9679146
1,P08246-214-G-R,0.8713191
0,P32298-486-V-A,0.0390154
1,O00571-233-A-V,0.77705765
1,P42336-106-G-V,0.917022
0,O00338-282-R-T,0.1367936
1,P22304-229-H-R,0.71184874
1,P41180-565-C-G,0.93788916
1,P15848-498-L-P,0.7751729
1,P00480-220-P-A,0.9705639
1,P01116-61-Q-H,0.8963149
1,P12883-642-S-L,0.953205
1,Q92736-433-L-P,0.9170692
0,Q92772-132-I-T,0.7350777
0,O43187-47-S-Y,0.48957643
1,Q9UDY8-580-W-S,0.9491452
1,Q93099-171-K-N,0.8972337
0,Q04609-75-Y-H,0.10063556
1,P37173-315-T-M,0.2443716
1,P08236-148-P-S,0.91271883
1,P19429-190-D-G,0.8415093
1,O15118-899-Y-D,0.93747973
0,Q92530-36-F-C,0.24025494
0,O60603-636-S-R,0.04500433
1,P06744-273-R-H,0.95858806
1,P49748-490-A-P,0.47240308
1,Q76LX8-347-C-S,0.7537403
1,P06744-525-I-T,0.83469003
0,P20138-202-R-W,0.12741357
1,O15305-208-G-A,0.8795356
1,P13569-67-P-L,0.8845576
0,P13569-967-L-S,0.79118395
1,P00439-388-V-M,0.9306118
1,P06865-504-R-H,0.7720275
0,P52179-1408-D-N,0.67083156
1,O15118-695-L-V,0.6523649
1,P49768-278-R-I,0.9051359
1,Q9UHD2-598-M-V,0.9280394
0,P43246-779-M-I,0.7230499
1,P04424-360-M-T,0.95745444
1,P05093-347-R-C,0.64290816
1,P35914-75-S-R,0.9246351
0,Q9UG22-152-N-S,0.039645012
1,P06865-295-N-S,0.18766415
1,O15520-156-I-R,0.86560756
1,P11413-282-D-H,0.7526643
1,P35520-176-E-K,0.9300576
1,P49768-262-L-V,0.83913064
1,P50440-105-P-L,0.66010505
1,P22033-637-G-R,0.9482213
0,P20591-611-Q-H,0.09494956
1,P12814-225-E-K,0.66003346
1,P06865-504-R-C,0.74448466
1,P13569-1303-N-K,0.8663362
1,Q06124-59-T-A,0.78348225
1,P13569-347-R-P,0.9222216
1,P12883-223-A-T,0.79187
0,O43451-1638-L-I,0.29221332
1,Q04771-375-R-P,0.66871923
1,O14773-473-G-R,0.9126781
1,P35670-1041-R-P,0.9619508
1,P16278-151-D-V,0.9712564
1,Q9HAN9-153-L-V,0.23729028
1,P35557-441-S-W,0.96242315
1,Q14807-148-P-S,0.68594074
1,P00480-169-P-A,0.9614966
1,P20711-275-A-T,0.821441
1,P12883-256-G-E,0.94842494
0,P14923-648-V-I,0.47701803
0,P13569-622-G-D,0.9150979
1,P35670-1099-G-S,0.8119541
0,P24821-850-D-H,0.7819799
0,P19440-51-S-L,0.9016881
1,P00439-270-R-S,0.96533906
0,Q96DC8-162-D-N,0.90515155
0,Q96NY9-350-R-W,0.5768726
0,P43220-44-R-H,0.13640621
1,P00480-93-T-A,0.80854046
1,P54098-1096-R-G,0.9178137
0,P02511-41-S-Y,0.5154251
1,P10828-446-C-R,0.82637393
0,Q7Z5Q5-315-P-S,0.11310943
1,Q93099-120-C-F,0.8856734
1,Q9BXL7-49-C-Y,0.9029003
1,P11511-435-R-C,0.8865309
1,P22033-369-R-H,0.8876115
1,P45381-204-D-H,0.90816164
1,P05089-235-G-R,0.9562471
1,P11362-623-D-Y,0.68407774
1,P84022-287-R-W,0.72025025
1,O15118-1165-V-M,0.8868247
1,Q9H221-405-R-H,0.90963966
1,P35475-626-W-R,0.96884334
0,O15118-434-P-S,0.51791686
0,P25098-184-I-T,0.44800186
1,P13569-1235-S-R,0.35847753
1,P36551-249-P-R,0.98343474
1,P35557-80-G-A,0.93176264
0,P50226-62-Y-F,0.16154127
1,P22304-54-Y-D,0.9762896
1,P13569-244-M-K,0.92830193
1,O95571-163-R-W,0.75921124
1,P00439-238-T-P,0.97457916
1,Q99972-433-C-R,0.6500989
1,P11277-2053-A-P,0.74714434
1,Q9UM73-1174-F-L,0.5938768
1,P35557-384-A-T,0.80333024
1,P54802-243-P-L,0.9581206
1,P54098-1096-R-H,0.85013884
1,P07359-73-L-F,0.5617592
0,Q8WUM4-638-K-E,0.04324113
1,P12883-797-A-T,0.3466823
1,P60484-123-H-R,0.8522893
1,P07333-854-N-K,0.88073945
1,P04424-236-R-W,0.8301967
1,P55064-45-I-S,0.5342576
0,Q9Y3R4-182-R-Q,0.3218588
0,Q04912-613-Q-P,0.3485206
0,Q8IV63-171-F-L,0.054941945
0,P51649-180-H-Y,0.073465265
1,P20839-198-N-K,0.94563043
0,Q68J44-137-S-R,0.036004305
0,Q07075-861-S-R,0.13629954
1,P41180-125-L-P,0.8320422
1,Q8IXQ5-421-C-S,0.9316001
0,P06865-399-N-D,0.055165913
1,Q9NZC2-38-Y-C,0.9554983
0,P19878-79-M-V,0.36523265
1,P49768-146-M-L,0.6360002
0,P32298-473-V-I,0.1234564
1,P12081-364-D-Y,0.8506199
1,P54802-156-W-C,0.9586503
1,P00480-45-L-P,0.92253834
1,Q9UBT6-29-E-K,0.8310687
1,P41180-221-P-L,0.66970766
1,Q13216-194-W-C,0.81435317
1,P25445-260-D-Y,0.42749876
1,P11413-163-G-S,0.8336161
1,O14773-209-Y-H,0.9567739
0,P07148-94-T-A,0.053269625
1,Q93099-329-F-C,0.95278305
1,Q6PI48-629-Y-C,0.82636297
1,P04424-160-H-N,0.8668985
1,P07101-276-T-P,0.5110541
1,P54802-617-L-F,0.9460638
1,P00439-206-Y-D,0.9790796
1,P04424-154-L-P,0.9592881
0,P29597-820-P-H,0.112031765
1,Q13485-361-R-L,0.94043
1,O75792-212-N-I,0.8141049
0,Q16539-343-D-G,0.85473806
1,O15118-825-Y-C,0.27255186
1,P13569-148-I-T,0.9252998
0,P54802-737-R-G,0.68998694
1,P50336-20-H-P,0.7994953
0,Q14397-256-G-S,0.6522465
1,Q9Y253-122-T-P,0.9385658
0,Q14896-382-R-W,0.75028354
1,P60484-68-Y-H,0.7700489
0,P46952-42-T-S,0.114682145
0,Q99972-329-V-M,0.37726438
1,P35520-78-P-R,0.8104218
1,P29965-116-G-S,0.82557636
1,Q92834-250-C-R,0.92892677
1,P54098-305-S-R,0.93189806
0,O15392-129-K-E,0.05770136
1,Q8WZA1-367-R-H,0.8586069
0,Q9UPN9-961-V-M,0.2427548
0,P29597-197-R-H,0.07692022
1,Q92838-378-T-M,0.98171955
0,Q9HD40-452-K-N,0.8072229
1,P30793-234-F-S,0.9550818
1,P43246-349-P-L,0.92589176
1,O15118-934-R-Q,0.7968814
1,P35557-264-G-S,0.9428319
1,P00480-315-V-F,0.96732795
0,Q14831-433-Y-F,0.17204726
1,P00439-271-H-R,0.90731597
0,Q9Y6N9-519-E-D,0.19620526
1,P00480-341-L-P,0.90366894
1,P35520-491-R-C,0.89958483
1,P40692-295-S-N,0.90162265
1,P04629-780-R-P,0.4605715
0,P20711-239-M-L,0.4263673
1,P36776-767-G-E,0.86996174
1,P35520-370-C-Y,0.9286147
0,O00206-443-F-L,0.08604008
1,P35670-1033-T-A,0.7479998
1,P54802-452-E-K,0.9446419
1,P00439-303-S-P,0.93945545
0,P05177-205-F-V,0.8816299
1,P11362-538-I-V,0.38584554
0,P26998-113-H-D,0.4901655
1,P12883-698-V-A,0.86195296
0,P11086-188-S-C,0.42146498
0,O60921-147-Q-K,0.18342486
1,P25445-241-T-P,0.246755
1,P04424-168-R-H,0.71765715
1,P35557-221-E-K,0.9092209
1,P35520-539-L-S,0.8458278
0,Q9NQG6-169-R-W,0.6142928
1,P16278-442-R-Q,0.9344474
1,Q9BYX4-452-A-T,0.77202797
1,P04629-517-G-E,0.6952358
1,P16278-597-P-L,0.9638506
0,Q13155-129-A-G,0.51237357
0,Q05397-1030-D-E,0.7713374
1,Q9H3H5-29-I-F,0.9562484
0,O75828-84-L-V,0.19376408
1,Q92838-378-T-P,0.98373795
1,P40692-84-K-E,0.80502534
1,P08246-55-C-S,0.94632167
1,P00480-79-G-E,0.9260738
1,P13569-560-R-T,0.9507265
1,Q6ZVN8-101-L-P,0.7365174
1,P35557-225-I-M,0.8951377
1,O60216-376-P-R,0.912375
1,O75369-168-G-S,0.93594235
1,P06744-159-G-S,0.7887514
1,Q16836-40-A-T,0.24455306
0,P29317-391-G-R,0.34253618
0,Q16828-114-V-L,0.7784546
0,P53671-381-R-H,0.6233259
1,O15118-177-C-Y,0.9073422
1,Q07889-424-E-K,0.737424
0,O60602-112-P-A,0.07700861
1,Q93099-270-G-R,0.95907414
0,P09914-131-P-H,0.06119025
1,Q9UH77-432-S-N,0.8043012
1,P15056-581-N-K,0.959053
1,P15428-193-S-P,0.5536279
1,O76039-178-R-Q,0.7042928
1,Q99972-274-P-R,0.96279097
1,P13645-442-L-Q,0.84955764
1,P36551-295-H-D,0.8543346
1,Q92838-374-S-R,0.94851065
1,P08246-47-L-R,0.9700992
1,O95292-46-T-I,0.86068106
1,P05089-308-R-Q,0.57627314
1,Q9ULV1-105-M-V,0.44873548
0,Q9Y6H6-99-R-H,0.78588206
0,P60484-61-H-D,0.67522264
0,Q96RS0-754-F-C,0.10761276
1,P16278-236-L-P,0.9607347
1,P13569-1066-R-L,0.9097551
1,P11362-671-A-P,0.9557653
0,Q9Y606-133-D-N,0.8819367
1,P49748-158-T-N,0.9293129
0,Q08257-176-I-V,0.18724869
1,P11362-764-Q-H,0.9001549
1,O15118-640-G-R,0.97460055
1,P11413-257-R-L,0.9096797
1,P78330-52-M-T,0.6043036
1,O15118-724-L-P,0.9547063
1,P04181-93-C-F,0.8475337
1,P50336-85-L-P,0.9628946
0,Q6UVW9-136-G-D,0.08781923
0,Q9Y2C4-277-G-V,0.85480314
1,P50336-224-W-G,0.9721614
1,P07333-828-F-S,0.9295911
1,O14773-544-P-S,0.55587506
1,P04181-394-C-R,0.93348336
1,P11362-332-S-C,0.851431
1,P35520-427-P-L,0.77810585
1,P41180-221-P-S,0.919595
1,P13569-561-A-E,0.9314642
1,P11413-353-P-S,0.75105727
1,P35520-336-R-C,0.86705005
1,P15848-239-Q-R,0.92509514
1,Q16828-77-F-I,0.7968095
0,P20138-128-S-N,0.04297813
0,Q99467-53-N-K,0.19066288
0,P08684-349-T-N,0.11871741
1,P08246-203-G-C,0.9730244
0,Q9NY33-145-Q-H,0.1532508
1,P00480-90-S-G,0.94648314
1,P00480-336-A-S,0.8341257
1,O15118-479-C-Y,0.96632206
1,P54802-521-P-L,0.9436969
1,P36897-351-D-G,0.92490894
1,P35520-391-M-I,0.8783628
0,P21695-113-A-P,0.2687512
1,P22033-126-N-K,0.60419965
0,Q15399-472-E-K,0.8913387
1,P45381-30-L-P,0.9565974
1,P06865-269-G-D,0.97016764
1,Q9Y617-100-D-A,0.8353005
1,P26678-9-R-L,0.9189427
1,P30793-211-M-I,0.69604737
1,P42224-385-T-M,0.88330424
1,P46100-179-N-S,0.73577696
1,P22033-110-Y-C,0.6243884
0,P11245-64-R-Q,0.47624305
1,Q9UM73-1087-T-I,0.8093373
0,P22234-201-K-N,0.2927399
1,Q07889-552-R-S,0.7477643
0,Q9NZC2-96-T-R,0.29548427
0,Q9H221-259-A-V,0.8772264
1,Q9H2C0-89-Y-C,0.9617556
0,P49759-459-E-G,0.24183126
1,Q9NVV9-72-L-R,0.9703214
1,Q8NI60-429-Y-C,0.26707503
0,P46527-69-P-L,0.668171
1,A4D126-238-T-I,0.6256394
1,Q9HAN9-98-V-G,0.8257326
1,P40692-281-A-V,0.84987193
1,P22304-143-S-F,0.9772176
1,P45381-195-M-R,0.97348166
1,O15118-543-P-L,0.9347581
1,Q92834-60-G-V,0.9151353
1,P04181-319-H-Y,0.8568409
1,P40692-107-I-R,0.95405245
1,P52848-611-G-S,0.8857029
0,O15118-511-T-M,0.7495554
1,P04424-104-A-V,0.9303846
1,P41229-451-S-R,0.27440026
1,Q9GZU1-106-L-P,0.8148928
1,Q03426-250-V-I,0.22140433
1,P35475-182-E-K,0.7033037
0,Q02763-391-T-I,0.42187473
0,Q9BY84-23-T-M,0.17408931
0,P43487-145-A-V,0.6269916
1,P49748-450-R-H,0.39026728
1,P22304-485-I-R,0.9774901
1,P35475-260-S-F,0.9752829
0,Q9H488-322-L-F,0.4507256
1,P22033-518-L-P,0.8817819
1,P13929-374-G-E,0.9562384
0,Q8WUN7-129-M-I,0.68006074
1,Q8IWV7-122-V-L,0.8646021
0,P45954-316-I-V,0.18402454
1,P54802-48-F-C,0.89509
1,P22033-230-T-R,0.8665547
1,Q96MU8-207-F-S,0.95718884
1,Q07889-552-R-K,0.7292586
1,P06865-178-R-H,0.8366154
0,Q86XP0-649-A-G,0.058116324
0,P40121-41-V-I,0.05558899
1,P35520-224-R-H,0.8166728
1,P36871-41-Q-R,0.95016396
0,P10828-337-T-I,0.7358764
0,Q8WUM4-378-V-I,0.21925361
1,P54098-227-R-W,0.7117103
1,P60484-95-P-L,0.97393745
1,P35520-153-G-R,0.97915775
0,Q9NZH6-50-P-R,0.0956745
0,Q15661-215-T-S,0.042461652
0,P28907-140-R-W,0.10778728
1,P50336-76-S-F,0.8985779
1,P00439-408-R-W,0.9179458
1,P16278-444-Y-C,0.96846974
0,O95163-848-T-N,0.08938031
1,Q16667-195-K-I,0.86437804
0,P29972-38-P-L,0.52586675
1,P55809-226-S-N,0.5357568
0,Q9H6E5-442-L-F,0.6790845
1,O95571-38-Y-C,0.96410584
1,P13569-349-A-V,0.90423834
1,P08236-364-P-L,0.9047953
1,P60484-341-F-V,0.948506
0,O95786-7-R-C,0.18304314
1,P00480-77-L-F,0.96704113
1,P41229-766-R-W,0.9437118
1,P43246-674-G-R,0.9542597
1,P42336-914-G-R,0.8881979
1,P04264-479-I-F,0.85027134
1,Q16854-46-N-S,0.41940233
1,P78504-155-A-P,0.9651589
1,Q13363-331-R-W,0.92738813
1,P05093-174-A-E,0.9651814
0,P78368-208-E-Q,0.43401006
1,P61916-99-C-R,0.8905463
0,P06727-187-K-E,0.83643013
0,P49643-287-C-Y,0.83677363
1,P12883-782-S-R,0.9289706
0,P07333-279-V-M,0.24988882
1,P35520-321-D-V,0.9260245
1,P54886-652-S-F,0.8322372
1,P51648-45-I-F,0.95687836
1,P43246-163-V-D,0.9603403
1,P05093-347-R-H,0.8099002
1,P13569-1052-F-V,0.8717463
0,Q9H9Q4-14-A-T,0.3860191
1,P49768-89-V-L,0.8906795
1,Q6ZVN8-80-C-R,0.7702096
0,P42574-190-E-D,0.15377553
1,P49768-260-A-V,0.95133173
1,P00480-233-A-V,0.9382366
0,Q14566-806-E-K,0.73548645
0,Q59H18-686-I-T,0.835229
1,P40692-295-S-R,0.91095346
1,O14746-1025-V-F,0.96332014
1,P12883-243-R-H,0.9722215
1,P00480-264-T-I,0.88780797
1,P54098-932-H-Y,0.61686903
1,P04424-295-L-P,0.941044
1,O15118-113-C-R,0.9516132
1,P60484-343-V-E,0.9656929
0,P56279-56-V-I,0.04804748
1,P45381-152-C-R,0.8910027
1,P54802-153-E-K,0.95370173
0,Q02548-34-P-Q,0.9253581
1,O15305-123-R-Q,0.8685921
0,P20711-217-M-V,0.4981761
1,P49768-143-I-F,0.82379144
1,Q16667-78-F-L,0.8889561
1,P54098-1184-D-N,0.89594436
1,Q92838-373-M-I,0.9303692
1,P32322-266-R-Q,0.7114668
1,Q93099-360-G-A,0.96438426
1,P11511-375-R-C,0.80508953
0,Q13873-224-E-D,0.07547751
1,Q13093-281-Q-R,0.82750684
1,O60880-49-G-V,0.9610179
1,P22033-306-S-F,0.87427086
1,P46100-194-V-I,0.7446551
1,P42224-274-R-Q,0.67297614
1,Q93099-225-R-H,0.7610483
0,O75822-141-A-T,0.33077392
0,P51580-49-L-S,0.7584385
1,Q07889-550-L-P,0.90819347
1,P00439-170-H-R,0.89810085
0,P50225-37-R-Q,0.8116732
1,P00480-202-H-P,0.9680526
1,P15848-531-P-R,0.9663807
1,P36551-331-R-W,0.84475815
0,P35557-107-M-T,0.9087729
1,P43246-729-M-V,0.9149967
1,P22033-86-P-L,0.9069677
1,Q7LG56-195-G-R,0.93703717
0,P14598-308-A-V,0.74139404
0,P24723-645-D-V,0.80390376
1,P10828-453-P-T,0.6751104
1,P04424-262-L-P,0.9510448
1,P60484-170-S-R,0.73992556
1,O76039-31-R-G,0.9375125
1,P00480-207-S-N,0.9630745
1,P43246-470-V-E,0.94664365
0,P16234-842-D-Y,0.8677366
1,P78504-187-C-Y,0.91918135
1,P54098-1105-A-T,0.7625082
1,O15118-959-V-E,0.9028914
1,Q14117-435-G-R,0.94831085
1,P00439-143-D-G,0.88420284
0,Q6UWW0-164-K-E,0.10157891
1,P54802-227-H-P,0.47948515
1,P07954-235-H-Y,0.8832584
1,Q92743-284-S-R,0.73425746
1,Q13148-169-D-G,0.9302204
0,Q9H9Q4-89-H-R,0.070962355
1,P30793-184-R-H,0.7779326
1,P42224-271-Q-P,0.6595164
1,P49748-458-F-L,0.63333803
1,Q13873-266-R-T,0.8887423
1,Q93099-18-D-N,0.95951325
1,P43246-127-N-S,0.80052143
1,P45381-143-I-T,0.8194416
1,P22304-468-R-L,0.8254684
1,P08237-309-D-G,0.9281201
0,Q9UKK9-123-I-T,0.34090164
1,P07101-412-Q-K,0.7715639
1,P49768-262-L-F,0.9348047
1,Q9Y253-535-K-E,0.32790694
1,Q9Y6K1-548-M-K,0.845191
0,P31751-208-R-K,0.27618855
1,P45381-24-E-G,0.88755023
1,A4D126-122-A-P,0.8459128
1,P00439-304-Q-R,0.9250067
1,P04049-475-F-L,0.8113905
1,O15118-389-R-C,0.93265593
0,O95163-1013-G-S,0.825718
0,P02774-436-K-T,0.090695545
1,P49748-453-R-Q,0.8221213
1,P11277-2019-S-P,0.0989019
1,P00480-225-P-L,0.9333719
1,Q03426-20-H-P,0.7644259
1,P49768-378-G-E,0.91851705
1,P43246-33-T-P,0.6857527
1,P22033-560-C-Y,0.96527493
1,Q99972-380-D-G,0.96709234
0,P12277-177-K-R,0.20060335
1,Q93099-97-W-G,0.9777361
1,P00480-90-S-R,0.8535301
1,P22304-198-D-N,0.9647253
1,P19878-93-D-E,0.3632174
0,P17066-260-R-H,0.26917496
1,P04181-318-E-K,0.7374084
1,P01111-34-P-L,0.78268015
1,P54802-100-H-R,0.95732063
0,Q9NQT4-33-C-W,0.6361549
1,Q7LG56-282-M-I,0.6615444
1,P00480-176-Y-H,0.96278906
0,Q9UG22-161-H-R,0.07758136
1,Q5TBB1-60-L-R,0.81483823
1,P12883-778-D-G,0.91550016
1,P11413-227-R-Q,0.46948048
1,P07101-441-R-P,0.8312423
1,P00439-282-D-N,0.946763
0,Q05397-292-H-P,0.83896875
1,Q99972-448-T-P,0.9563541
1,P35557-236-E-K,0.9456245
0,Q9BZP6-125-K-R,0.09786125
1,P78504-187-C-S,0.95240825
1,P06865-226-S-F,0.8947879
1,P42336-378-C-Y,0.9083467
1,P45381-249-D-V,0.8783169
1,Q92838-307-V-G,0.98384386
0,P22735-755-S-L,0.21967724
1,P38484-168-T-N,0.07222755
1,Q9NVV9-13-R-H,0.9410464
0,Q8N3U4-699-N-K,0.9387962
1,P08236-415-P-L,0.29480463
0,Q9H222-523-I-V,0.060262136
0,Q7Z5Q5-336-G-S,0.06785703
1,Q86XE5-292-M-T,0.96115017
1,P35555-1564-C-F,0.97754204
0,Q8IW75-219-D-G,0.6623047
1,O15118-1213-L-V,0.50975204
0,Q15661-118-I-T,0.08916013
0,P59095-159-E-K,0.21980222
1,P35240-220-N-Y,0.89852357
1,Q7LG56-211-R-K,0.8756054
1,P78504-40-L-P,0.95699745
1,P11362-725-C-Y,0.94856864
1,O60880-16-G-D,0.9634082
1,O14773-466-V-G,0.6534269
1,Q9H221-231-P-T,0.89917773
1,P49768-280-E-A,0.96582294
0,P25103-192-Y-H,0.37664497
0,P51587-1537-E-K,0.8284139
0,P08581-143-R-Q,0.7545141
1,O15118-1089-E-K,0.8969636
1,P11277-2025-L-R,0.8468206
1,P51570-44-H-Y,0.9568599
1,P48735-162-P-S,0.862879
0,Q9Y617-87-P-A,0.71255106
1,P49588-81-K-T,0.6839973
1,Q7LG56-110-R-C,0.8546987
1,P40692-38-N-H,0.87112635
1,Q99972-323-E-K,0.91672456
1,Q9Y2M0-937-G-R,0.95225114
1,P12883-483-E-K,0.94198245
0,P19971-465-A-T,0.8095335
1,P11362-250-R-Q,0.8742397
1,Q6PI48-263-R-Q,0.6142397
0,Q13472-596-C-Y,0.94654953
1,O96017-180-R-C,0.660794
1,P54098-1073-P-L,0.9357184
1,P13569-927-L-P,0.94806564
1,P41229-751-Y-C,0.9604472
1,Q9UM73-1250-I-T,0.7856392
1,O60880-33-D-Y,0.93832165
1,Q99972-377-T-M,0.73652124
1,Q9H221-543-R-S,0.77945817
0,Q9Y615-45-R-C,0.088252924
1,P22033-566-T-R,0.9239427
1,P06865-127-L-R,0.78923213
1,Q8NI60-272-G-V,0.855311
1,P49768-219-L-P,0.92869836
1,Q13485-533-L-V,0.9393778
1,Q9GZV9-71-S-G,0.86324406
0,Q9Y5K5-197-I-F,0.9061927
1,Q07889-112-P-R,0.7081279
1,P29965-140-W-C,0.9625617
0,O60674-377-A-E,0.8712124
1,P35557-256-E-K,0.9027618
1,P50336-335-V-G,0.96301955
1,P43246-751-G-R,0.9789701
0,P13569-909-S-I,0.34888247
1,P42336-1025-T-A,0.51519334
0,Q9UHN1-416-G-A,0.61605537
1,P54802-682-L-R,0.9659864
1,Q07889-846-E-K,0.8336052
0,P02511-51-P-L,0.073496476
1,Q9UH77-77-A-E,0.8159131
1,P08246-53-H-L,0.94709575
0,Q9H222-600-C-Y,0.54812735
1,P13569-359-Q-K,0.8633404
1,P14868-464-P-L,0.79783344
0,P08684-293-L-P,0.10850686
1,P41180-47-K-N,0.32580286
1,P13569-563-Y-N,0.9376401
1,P54098-1157-N-S,0.9113281
1,P49768-246-A-E,0.8936676
1,O15118-917-D-Y,0.9036598
1,P32322-248-G-E,0.87778836
0,Q15661-162-D-N,0.1369946
1,P43246-622-P-L,0.9044287
1,P12883-949-E-K,0.9586146
1,P51648-64-V-D,0.59574586
1,P08246-71-C-R,0.8886955
0,Q15661-76-V-L,0.36669883
1,P00439-259-A-V,0.9742354
1,P11413-410-G-D,0.8592557
1,Q9H222-437-N-K,0.41089633
1,P08246-136-A-D,0.9729311
1,O75880-132-G-S,0.9234363
1,P00439-277-Y-C,0.96031976
1,O15305-172-F-V,0.94553876
1,P22304-82-A-V,0.9252858
1,Q9HAN9-173-D-G,0.9088856
0,P24723-497-D-Y,0.74880135
1,O95278-108-R-C,0.79352814
0,Q8N8Q3-114-K-R,0.122734524
1,Q00266-356-R-Q,0.8515142
1,Q92834-250-C-Y,0.96544105
1,P00480-165-D-Y,0.8110153
1,Q9UM73-1174-F-V,0.8420477
1,Q04771-328-G-E,0.9390703
0,P09884-740-Y-H,0.37625715
1,P60709-120-T-I,0.9509823
1,P13569-287-N-Y,0.8407688
1,P08246-55-C-Y,0.9750792
1,P12883-869-R-C,0.9439598
1,P42224-288-T-A,0.15495627
0,Q06520-261-A-T,0.15509036
1,P13569-610-L-S,0.92397296
1,P36551-201-E-K,0.90747607
1,P54098-957-A-S,0.55434144
1,Q92838-323-V-G,0.9778656
1,P04424-95-R-H,0.86291265
1,P43246-669-G-V,0.9789603
1,P60709-75-I-T,0.95116556
1,P60484-112-L-P,0.8495704
1,Q5TBB1-219-Y-H,0.6311361
1,P12883-734-Q-E,0.9468519
1,P07954-233-R-C,0.8755514
1,P22033-284-G-E,0.92883986
1,P54098-947-K-R,0.8246983
1,O43678-45-K-T,0.9160418
0,P30519-137-R-Q,0.76690686
1,Q7LG56-70-D-N,0.869437
0,Q16853-749-A-V,0.06227691
1,P35222-34-G-E,0.94253045
1,P22033-215-G-S,0.9228893
0,P50225-213-R-H,0.298727
0,P45379-231-I-T,0.66532826
1,P00439-161-F-S,0.9696008
1,Q03426-132-V-I,0.11964232
1,Q14353-164-G-D,0.8987618
0,P55212-109-A-T,0.042934835
1,Q99972-380-D-N,0.9133448
0,P10828-216-D-G,0.49318853
1,P01116-5-K-N,0.5629966
1,P35520-228-N-K,0.9720353
1,P01112-12-G-D,0.8674923
0,O96017-157-I-T,0.5737793
1,P22304-308-D-E,0.9492218
0,Q9UHN1-133-H-Y,0.9072988
1,P00439-176-R-L,0.85816073
1,P45381-177-I-T,0.95711994
1,P22033-368-V-D,0.9672364
0,P43405-45-R-H,0.7902606
1,P22304-252-D-N,0.7264708
1,P35475-133-M-I,0.50035477
1,Q9HAN9-66-R-W,0.9016818
1,Q93099-13-E-K,0.8141612
1,P29965-126-V-A,0.8689964
1,P00480-192-S-R,0.9864444
1,P50336-152-R-C,0.91435647
1,Q9Y253-93-R-P,0.8663684
1,P04629-695-P-L,0.92459
1,P16278-493-K-N,0.94109476
1,P12883-430-A-E,0.9693858
1,P13569-633-L-P,0.92623955
1,P12883-439-M-V,0.97825634
1,O76039-152-C-F,0.59285814
1,P50336-73-L-P,0.92745674
1,O15118-996-M-R,0.89422095
1,O15118-862-Q-L,0.8336866
0,O15118-858-I-V,0.32286048
1,P00439-413-R-S,0.9123842
1,P54132-1036-C-F,0.8216335
1,P04424-297-R-Q,0.64956033
0,Q9UNS1-129-A-S,0.20592676
0,P26998-105-R-Q,0.7441516
0,Q86W24-98-S-L,0.13512702
1,Q05193-47-V-M,0.94380355
1,P35914-263-L-P,0.9674622
1,Q9Y4U1-189-R-S,0.36805853
1,P10828-345-G-D,0.96748406
1,P40692-264-H-Y,0.70021206
1,P49748-260-T-M,0.7092296
1,O15118-1142-M-T,0.90287393
1,P35475-436-A-P,0.97619164
1,P48637-301-L-P,0.97020984
1,Q76LX8-349-R-C,0.51952124
1,P78504-120-I-N,0.9707473
1,P15056-499-K-E,0.5779421
1,P35520-155-A-T,0.94728696
1,P06865-25-P-S,0.9600518
0,Q15399-80-R-T,0.14919382
1,P19429-185-N-K,0.26561186
1,P35520-168-V-M,0.7539858
1,P51649-382-P-L,0.9753049
1,P04629-93-L-P,0.9396463
1,P42224-286-K-I,0.67012745
1,P42336-118-G-D,0.947949
1,P35520-191-T-M,0.86833245
1,P11413-165-N-D,0.8344386
1,P35475-409-G-R,0.29299402
1,P49768-256-Y-S,0.9041669
0,Q05315-130-I-S,0.9681399
1,Q9UH77-494-A-T,0.73391324
1,O15118-767-A-V,0.8917722
1,O15118-137-T-M,0.24770555
1,P50336-168-R-C,0.903363
1,O15118-242-D-H,0.9621424
0,O15305-42-G-R,0.9387356
0,P17066-297-T-K,0.79654545
1,P02511-20-P-S,0.8807182
0,O75716-77-I-V,0.0940455
1,P22304-121-Q-H,0.9271649
1,P50336-11-G-S,0.8776084
1,Q8TDP1-151-P-S,0.2913279
1,P35222-32-D-G,0.91961557
0,Q9NP95-206-D-N,0.6856581
1,Q93099-227-F-S,0.97423744
1,Q92736-176-R-Q,0.64924777
1,P00480-125-T-M,0.35880223
1,P06865-211-F-S,0.8790864
1,P08246-209-N-I,0.9324543
1,P54098-1047-R-W,0.8727636
0,P51580-179-Q-H,0.103722356
1,Q14623-95-E-G,0.92761624
1,P13569-1013-P-L,0.89099574
1,P40692-295-S-G,0.9031086
1,O15118-605-A-V,0.9064701
1,P48730-46-H-R,0.5935993
1,P04629-744-R-P,0.9350951
1,O15305-141-R-C,0.77854073
1,P32322-119-R-G,0.845393
1,P04424-326-Q-L,0.86861956
1,P11413-416-E-K,0.86353254
1,P12883-467-I-T,0.9468733
1,Q14108-363-H-N,0.50942516
0,P51149-32-K-E,0.43471375
1,O95278-88-F-L,0.8945087
1,P78330-32-D-N,0.8745182
1,O15247-101-H-Q,0.0432224
1,P00439-201-H-Y,0.95750004
1,P41229-731-L-F,0.5834138
1,P00439-259-A-T,0.9755474
1,Q9Y253-295-G-R,0.9820148
1,P20711-147-S-R,0.67670804
0,P35222-34-G-V,0.9340571
0,P13569-31-R-C,0.77550167
1,O95278-25-S-P,0.9098963
0,P14598-262-G-S,0.9230784
1,P12883-233-A-S,0.9714296
1,P50461-58-C-G,0.95620376
1,P22304-339-L-P,0.9646988
1,P35520-466-S-L,0.8100898
1,P12883-796-L-F,0.8897465
1,P60484-131-T-I,0.82630426
1,P15735-145-H-Y,0.96409166
0,Q9P286-511-S-N,0.50160104
1,Q13216-160-A-T,0.8394664
0,P11245-135-L-V,0.22587378
0,O14920-734-F-L,0.23417857
1,O15118-1059-R-Q,0.2786144
1,P12883-187-N-K,0.9747386
1,P41180-138-T-M,0.8989117
1,P13569-553-R-Q,0.68699384
1,P30153-132-V-L,0.83001477
0,P54098-546-R-C,0.6544556
0,P55854-38-P-S,0.6494585
0,O94804-268-R-C,0.35733113
1,P49768-92-C-S,0.8458461
1,P16278-68-R-W,0.974761
0,P55789-166-F-L,0.53826076
1,Q9NVV9-6-S-F,0.96241266
1,Q9NVV9-32-L-H,0.9503294
1,P15848-384-S-N,0.524979
0,P36871-68-K-M,0.5206604
1,O95571-152-T-I,0.95669895
0,Q14353-209-T-M,0.61768866
1,P52732-144-F-L,0.90148383
1,O96017-181-R-C,0.75510377
1,P13569-178-G-R,0.89447343
1,P00439-299-F-C,0.9441869
1,P12883-870-R-H,0.9302591
1,Q99972-393-S-R,0.9804348
1,P22033-230-T-I,0.9211176
1,O60880-28-S-R,0.97755057
1,Q9UM73-1275-R-Q,0.74359107
1,P46100-190-P-A,0.86083305
0,P07333-245-A-S,0.07528317
1,P13569-1006-A-E,0.46006715
1,P22304-231-P-L,0.9681331
1,Q93099-225-R-P,0.78782785
1,P13569-1137-M-V,0.81184363
0,Q13596-466-D-N,0.73472214
1,P22033-736-L-F,0.5014688
1,Q93099-73-F-L,0.8865841
1,P29965-140-W-G,0.8517974
0,P25116-166-S-G,0.5450165
1,P21579-368-I-T,0.8714927
1,P35475-602-F-I,0.95112234
1,P00439-249-L-F,0.95120096
1,P54802-520-R-W,0.92672426
1,O14773-428-K-N,0.8401913
1,P10828-338-R-W,0.6720456
1,P54098-511-S-N,0.0938262
1,P12883-716-G-R,0.9517259
1,P12883-741-G-W,0.9593128
1,Q13563-511-D-V,0.8314676
0,O60674-346-K-R,0.2871085
1,P11362-342-L-S,0.8577814
1,P00480-196-D-Y,0.98199373
0,P27352-255-N-S,0.04972263
1,P00480-326-E-K,0.9327359
0,P11511-264-R-C,0.49577862
0,Q9BZP6-102-G-R,0.8888405
1,P00480-253-A-T,0.9676985
1,P01112-13-G-D,0.88835704
1,P06865-279-S-P,0.8489358
0,Q86VP6-952-A-V,0.8276658
1,P19878-44-G-C,0.8583881
0,P35670-1109-V-M,0.4313619
1,P45381-168-R-C,0.93307424
1,P22033-514-Q-K,0.9002662
1,Q14353-159-L-P,0.9794672
0,Q9NP87-220-G-A,0.5809105
1,P00439-148-G-S,0.976218
1,O15118-404-R-W,0.9461448
1,O15305-9-C-Y,0.87567544
1,P22304-85-A-S,0.8950072
1,P08246-153-A-P,0.9589215
1,P13569-110-D-H,0.8552818
1,Q15831-297-R-S,0.9456245
0,Q96NA2-281-R-Q,0.1864704
1,O14773-365-C-Y,0.89153624
1,P08246-42-P-L,0.95805764
1,Q00266-38-S-N,0.9610422
1,Q9UHD2-308-R-Q,0.862483
1,P00439-169-R-H,0.9250467
1,P40692-63-D-E,0.953819
1,P00480-305-P-R,0.86763144
1,P35914-48-K-N,0.84752023
1,P15735-189-G-E,0.9041331
1,Q71U36-5-I-L,0.92341393
1,Q92834-235-P-S,0.7566245
1,P49773-112-H-N,0.61765087
0,O15527-322-D-N,0.41287005
1,P46100-249-G-D,0.96912014
1,Q14353-54-A-P,0.96319306
1,Q93099-53-R-Q,0.72583807
1,Q6PI48-179-R-H,0.92392945
1,P08246-46-S-C,0.93421847
1,O15118-926-A-V,0.812846
0,Q9C000-878-T-M,0.08250684
1,P04629-522-G-E,0.966171
1,P12883-576-H-R,0.95986754
0,Q9UGN5-296-R-Q,0.23633254
0,Q8N335-178-L-F,0.41701496
0,P12314-105-L-P,0.53345996
1,P17050-160-S-C,0.8154967
1,P13569-1244-G-V,0.97521555
1,O15305-185-D-G,0.89528394
0,Q9NSY2-74-G-S,0.4722943
1,P00480-183-Y-D,0.983997
0,Q99250-1918-R-H,0.7497214
0,Q8N608-340-A-P,0.17152525
1,P54132-1066-C-Y,0.9592259
0,O14773-373-Q-E,0.9415082
1,O14773-266-R-Q,0.17504843
1,Q03426-150-S-L,0.58005863
1,P30793-108-G-D,0.881771
0,P34947-129-T-M,0.31283352
1,Q13563-356-A-P,0.8564363
1,Q99972-434-G-S,0.93767464
0,Q96MX6-241-M-V,0.6813372
1,P13569-1152-D-H,0.67766476
1,P63316-84-C-Y,0.700454
1,P22033-288-S-P,0.96394014
0,Q8WYA6-507-N-D,0.41485414
1,P29965-235-A-P,0.54656017
1,Q00266-344-E-A,0.8635268
0,Q5VVY1-150-S-P,0.044593353
1,Q9Y6K1-904-P-L,0.85619724
0,Q9H7C9-92-V-M,0.6634073
1,P31751-274-R-H,0.81757265
1,O95571-163-R-Q,0.7300399
1,P29965-226-G-A,0.85859984
1,O75792-37-G-S,0.8889907
0,Q01094-276-V-M,0.14145213
1,P49748-441-G-D,0.90649927
1,P15056-501-E-K,0.458194
0,O00206-385-L-F,0.14549404
1,P50336-450-S-P,0.9231684
1,P49748-469-R-W,0.6723883
1,O14832-220-H-Y,0.9113423
1,Q07889-497-R-Q,0.4679316
1,Q92743-285-P-L,0.95015126
1,P19429-183-K-E,0.8356957
0,Q8N608-517-S-N,0.11783912
1,P08246-127-A-D,0.97043186
1,Q9BYX4-720-R-Q,0.72358435
1,P51570-239-R-Q,0.79234225
1,O15305-37-Q-H,0.8297753
0,P14618-204-G-V,0.8855201
1,Q6P1X5-649-W-R,0.86040765
0,P05177-73-G-R,0.8701334
0,O15394-350-L-P,0.33926922
0,Q92834-345-N-D,0.04262115
1,P06865-166-R-G,0.9324516
0,Q9BQ65-250-Q-E,0.23986915
1,Q07889-552-R-T,0.8674252
1,O60882-204-H-R,0.966416
0,Q17RS7-203-I-V,0.062346406
1,Q7LG56-144-T-I,0.8765717
0,P38484-64-Q-R,0.08289594
0,P05177-168-E-Q,0.89234453
1,Q9GZV9-157-F-L,0.50072217
0,Q9BUL8-102-D-A,0.80674154
0,P20711-462-R-Q,0.03794893
0,Q9UQQ1-398-K-T,0.4061826
1,Q13485-493-D-A,0.94146645
1,P35670-1186-G-C,0.97144
0,P08174-199-S-L,0.90498954
1,P29965-227-G-V,0.78391474
1,Q9Y223-331-V-A,0.8536081
1,O14773-202-P-L,0.8656142
0,P08174-240-R-H,0.054054867
1,P35520-168-V-A,0.79355013
1,P49768-169-S-L,0.96649885
0,P11245-193-T-M,0.8765296
1,P54886-782-Y-C,0.62392056
0,Q9NTG7-208-V-I,0.13664079
1,P30793-163-L-R,0.96244067
1,P51149-161-N-T,0.68766624
0,Q14680-56-T-M,0.13500431
1,P08246-166-A-T,0.23928972
1,Q6PI48-560-D-V,0.85505897
0,Q9NWZ3-428-A-T,0.052069493
0,P08684-185-T-S,0.3391523
1,Q9HAN9-67-V-F,0.26246423
1,Q14623-100-D-E,0.70069224
1,P08842-560-Q-P,0.9696112
1,P08236-243-L-P,0.94694877
1,Q9NVV9-17-D-G,0.91271186
1,P10828-345-G-R,0.9377201
0,P29597-928-A-V,0.6028285
1,P16278-266-N-S,0.94388694
1,P43246-839-H-Q,0.5884567
1,P13569-227-L-R,0.9037433
1,P01111-60-G-E,0.8000968
1,P13569-455-A-E,0.91923666
1,P22304-346-A-D,0.94852734
1,P54098-468-N-D,0.47451332
1,Q93099-269-H-R,0.8001597
0,Q9Y3R4-11-S-R,0.08558967
1,P00480-169-P-L,0.966325
0,Q14596-923-H-R,0.4494755
0,P43246-909-K-I,0.48803517
0,P18440-251-D-V,0.7098395
1,P04181-267-T-I,0.8118026
1,O15118-1137-N-I,0.9156684
0,P17066-65-P-T,0.9442507
1,P60709-119-M-T,0.96766114
1,Q7LG56-236-C-F,0.8453557
1,P22304-132-S-W,0.98043126
1,P50336-332-G-A,0.9615752
1,P51648-228-R-C,0.9347008
0,P60484-36-G-R,0.89131826
0,P07384-103-T-A,0.33443156
1,P47897-57-Y-H,0.6144056
1,P06865-170-R-W,0.74030507
0,P09913-121-K-R,0.12190383
1,Q9Y223-277-R-W,0.86526173
1,O15357-722-F-I,0.84232223
1,P04424-385-R-C,0.60377705
0,Q9BZP6-377-F-L,0.48723382
0,Q15118-412-N-T,0.34066725
1,P00480-205-M-V,0.9630745
1,Q99250-1882-R-Q,0.7101821
1,O14773-482-G-R,0.9484145
0,P17066-150-A-T,0.43391958
1,P54132-841-I-T,0.8108116
1,P35475-79-A-V,0.6826657
0,P07359-161-T-M,0.064090796
1,P00480-301-L-F,0.77404624
0,P05177-281-R-W,0.6661971
1,Q9BZS1-371-F-C,0.79256785
1,P08237-39-R-P,0.8742786
1,P07333-589-G-E,0.7548282
0,Q96KB5-220-E-D,0.07806214
1,P45381-152-C-Y,0.976537
1,P30793-211-M-V,0.86398816
1,P50336-106-H-P,0.96358246
0,O43913-52-K-N,0.29006892
1,P00439-344-G-R,0.98840255
1,P40692-260-L-R,0.93162537
1,P53673-69-L-P,0.9362688
1,P12883-858-R-H,0.61090654
1,P45381-186-V-F,0.9575619
1,P22033-637-G-E,0.9791901
1,O76039-150-K-R,0.9219121
0,Q8N5Z5-51-R-G,0.60144335
0,Q14353-196-A-T,0.8322093
1,P60709-12-N-H,0.9686968
1,P00480-174-A-P,0.97297716
0,O15118-1115-V-F,0.8292413
0,Q14240-93-Q-H,0.42038172
1,Q9H3H5-120-L-M,0.3329494
1,Q9ULV1-105-M-T,0.67956793
1,P49768-147-T-I,0.9058296
0,P35790-220-S-G,0.21323252
1,P22304-347-K-I,0.9578426
1,Q13485-500-I-M,0.24089678
1,P12883-148-S-I,0.7428972
1,P22033-678-H-R,0.6509897
1,P35557-131-S-P,0.848724
1,P12883-440-V-M,0.9192774
1,P19878-78-G-E,0.93480146
1,O60880-99-Q-P,0.94705063
1,Q7Z6Z7-4013-R-W,0.6226766
0,Q8TBZ3-159-P-H,0.65160257
0,Q9UGN5-235-D-G,0.7651777
1,P06865-197-K-T,0.8477087
1,P54802-612-S-G,0.20487036
0,Q93099-80-Q-H,0.12589197
1,O15118-727-V-F,0.9295716
1,P11413-216-F-L,0.4338958
1,P19429-36-K-Q,0.32068983
0,Q08945-225-L-V,0.56042624
1,Q9H3H5-69-I-N,0.9486856
1,P04049-491-T-I,0.70528805
1,Q03154-378-R-Q,0.33655545
1,P54819-186-R-C,0.87556875
1,P50336-348-Y-C,0.97484404
0,P32298-183-T-R,0.57500136
0,O60602-616-F-L,0.044088352
1,P46100-175-G-E,0.9718114
1,P04629-649-R-W,0.5632809
0,O75828-235-M-L,0.24347831
1,P13716-274-A-T,0.84898984
1,P22033-105-W-R,0.89605653
1,Q8IWS0-257-R-G,0.61705434
1,P00439-271-H-Y,0.962423
1,P00480-168-H-P,0.9635248
1,P00480-88-K-N,0.83120835
1,P40692-25-I-F,0.86780065
0,Q9H211-234-C-R,0.5184972
1,Q93099-219-N-S,0.7879922
1,P41180-555-I-V,0.24051389
1,O15118-1140-G-V,0.96788335
0,P43246-487-D-E,0.35259318
1,A4D126-54-G-A,0.7949242
1,P13569-579-D-G,0.8992071
0,P34913-225-P-L,0.05649926
0,Q05193-744-D-N,0.8927194
1,O15305-197-E-A,0.37340173
1,P12883-901-A-G,0.9296289
1,P43246-331-N-D,0.8850441
1,O43318-110-G-C,0.9529235
1,P54802-560-L-P,0.9700419
0,P17066-336-V-F,0.21870989
0,Q14896-416-G-S,0.81352687
1,Q9GZZ9-168-G-E,0.9833271
1,P54802-82-G-D,0.9771533
1,Q9UH77-500-G-V,0.9101832
0,Q7LG56-31-R-P,0.91815615
1,Q9GZZ9-310-K-E,0.92275107
1,P37173-357-G-W,0.83774
1,O15305-217-D-E,0.7068505
1,Q9Y4U1-147-G-A,0.78005135
1,P05093-373-H-L,0.7526874
1,O15305-119-F-L,0.65790194
1,P22304-480-P-L,0.96307296
1,P29965-174-Q-R,0.8346535
1,P04424-121-L-H,0.96198905
0,P29597-386-V-M,0.13579936
0,Q96MK3-332-N-K,0.7355948
1,P13647-418-E-K,0.8340247
1,P05093-96-R-Q,0.824818
1,P84022-263-P-R,0.95760375
1,P49768-135-N-D,0.9249057
1,P35520-275-C-Y,0.9673109
1,P11362-300-I-T,0.35629046
1,P06865-192-V-L,0.49400082
1,P22033-685-L-R,0.94723433
1,P49768-209-G-R,0.95634514
0,P11086-112-R-C,0.5955042
1,P43246-587-G-R,0.9201769
0,O95711-121-Y-C,0.8385805
1,P25445-249-V-L,0.84764
0,P18848-322-E-D,0.15994237
1,P07101-359-C-F,0.6993615
1,P08246-98-V-L,0.047541115
1,P13647-469-T-P,0.79728746
1,P35557-209-T-M,0.9088658
1,P08236-495-Y-C,0.5332524
1,Q7LG56-194-E-G,0.8540987
0,Q8IWU9-479-D-E,0.1720866
0,Q8IUF8-386-A-T,0.078859195
1,Q93099-123-G-R,0.9614579
1,P07333-827-I-T,0.9592114
1,P45381-170-I-T,0.6748363
0,Q03426-335-G-S,0.9243642
1,P04049-427-S-G,0.8544021
0,P11473-362-T-I,0.2915336
0,Q96NY8-53-F-L,0.3863246
1,P48449-581-W-R,0.9092857
1,P04181-104-Q-R,0.6342565
0,O95278-46-A-P,0.5407389
1,P08246-45-V-L,0.94181025
0,Q16531-427-L-F,0.40323317
0,P30519-146-P-L,0.90640414
1,P29965-258-L-S,0.96640944
1,P00439-306-I-V,0.78755903
0,P00738-130-E-K,0.12091824
1,P04275-1306-R-W,0.89183813
1,O14746-979-R-W,0.40496412
1,Q9UH77-433-S-G,0.83107644
1,P01116-34-P-L,0.8662515
1,P35670-1083-L-F,0.798913
0,P32298-116-A-T,0.0557396
0,O00206-188-Q-R,0.04012818
1,P29965-170-Y-C,0.6443182
1,P00480-41-D-G,0.90913415
1,P15056-594-D-G,0.8774542
1,P06865-482-E-K,0.85151994
1,P00480-354-F-C,0.8434566
1,Q07889-108-E-K,0.776618
1,Q07889-702-Y-H,0.85553616
1,P29965-257-G-S,0.9660683
0,P07108-39-D-N,0.6148897
1,P78504-92-C-Y,0.9505344
1,P15056-600-V-G,0.9085028
0,P27037-258-S-R,0.21175405
1,Q7LG56-70-D-Y,0.8855124
0,Q8IV63-371-S-G,0.31977105
0,Q9P2D1-2653-R-Q,0.89753777
1,P13569-572-D-N,0.917995
0,Q9UGM6-50-G-S,0.77680993
1,P78504-39-I-S,0.9651774
1,Q16854-71-P-A,0.9358933
1,Q13586-108-F-I,0.9216474
1,P35520-114-A-V,0.817807
1,P35557-261-G-R,0.9636026
1,Q99972-426-V-F,0.9684576
1,P35520-131-E-D,0.7363029
1,P40692-69-R-K,0.8387308
1,P13569-206-L-W,0.79101366
1,O14745-68-E-A,0.66864824
1,P10828-316-R-H,0.92504454
1,P11362-768-D-Y,0.7218016
1,P12883-442-R-H,0.9511009
1,P13569-98-Q-R,0.88966477
1,P22033-158-G-V,0.9703945
0,P32754-340-V-L,0.20764111
1,P46100-249-G-C,0.9649466
0,Q9H9A7-100-Y-H,0.61611944
1,P36871-121-G-R,0.94780225
0,P51587-1529-G-R,0.95555323
1,P21397-45-R-W,0.92970043
1,P35670-1151-R-C,0.85365766
1,O15305-113-P-L,0.7986052
0,O96007-123-H-Y,0.86145264
1,Q9UHD2-696-E-K,0.85019654
1,Q9Y2Z4-46-G-D,0.8388643
1,P22304-312-G-D,0.9726113
1,Q99972-481-P-T,0.9534839
1,P11413-81-R-C,0.7640269
1,O00571-514-I-T,0.8904654
0,P11086-276-W-R,0.64019376
1,P12883-249-R-Q,0.9045072
1,P12883-896-D-N,0.9431094
1,Q8N159-430-L-P,0.9394937
1,P15056-501-E-A,0.8266974
0,P19878-395-R-W,0.66916186
1,Q7Z699-31-W-C,0.9577189
0,O96017-137-R-Q,0.18750437
0,Q14832-475-G-D,0.5748064
1,Q8N159-518-A-T,0.795216
1,Q9Y253-361-R-S,0.9610994
1,Q13216-266-D-G,0.674396
1,P13569-193-E-K,0.70056987
0,P07550-159-I-F,0.8149072
1,Q86XE5-190-P-L,0.9072981
0,O96033-51-V-A,0.41693193
1,P35520-116-G-R,0.9121119
1,P12883-403-R-Q,0.95592034
1,P15735-215-D-N,0.79062045
1,P54098-467-A-T,0.7589048
0,P09601-106-P-L,0.13559155
0,Q9BZP6-354-F-S,0.6062761
1,P22033-137-A-G,0.70201164
1,Q9H222-419-R-P,0.8514798
1,P36551-404-K-E,0.53701925
1,P22304-491-S-F,0.97654665
1,P19429-186-R-Q,0.15913065
1,P10828-310-M-T,0.95860326
0,P08246-135-V-M,0.48264936
1,P04424-95-R-C,0.76049775
0,P35475-449-H-N,0.20993349
1,Q14896-451-E-Q,0.7546331
1,P36897-487-R-Q,0.7526879
1,P07359-249-G-V,0.28496307
1,P13569-938-V-G,0.9489706
1,P13569-1054-H-D,0.9147412
1,P42224-202-M-V,0.5776623
0,O60671-114-G-D,0.7045384
1,Q9NVV9-56-E-G,0.89481807
1,P13569-225-C-R,0.7234974
1,P13569-534-A-E,0.81713426
0,Q9NY33-690-E-K,0.7068012
1,O15305-192-C-G,0.9623836
1,Q9BSQ5-215-Q-H,0.8406626
1,Q9NVV9-75-N-I,0.9128229
1,P60484-331-D-G,0.9673551
0,P43220-333-S-C,0.78361166
1,P20963-70-Q-L,0.79964525
1,Q7Z2E3-213-R-H,0.6852309
0,Q12866-823-E-Q,0.17354254
1,P54098-517-G-V,0.62018365
1,P12883-778-D-E,0.23603871
1,P12883-349-M-T,0.92843777
0,Q96RG2-1210-V-M,0.097286634
0,P51681-60-R-S,0.16427948
1,P35520-347-G-S,0.9368735
1,Q71U36-402-R-C,0.68279755
1,Q9Y6J6-94-E-G,0.88783485
1,P49748-454-D-N,0.9317736
1,P22304-225-Y-D,0.9738859
0,Q9NWZ3-390-H-R,0.39006644
1,P60484-113-S-I,0.83783686
1,P54098-627-R-Q,0.5538933
1,Q86XE5-70-R-P,0.9442553
1,P06865-420-W-C,0.9037039
1,P12883-350-Y-H,0.97371644
1,Q9BZK7-245-Y-C,0.68709207
0,Q08334-47-K-E,0.08518601
0,Q9HD67-32-V-I,0.17794168
0,P05177-406-C-Y,0.48632035
1,P11511-437-C-Y,0.7264001
1,O15118-1168-C-Y,0.968926
0,P31749-167-V-A,0.29354832
1,P00480-253-A-P,0.96732795
1,P13569-373-D-N,0.8095189
1,P13569-614-D-G,0.9018429
1,Q13485-324-C-R,0.95518655
0,P45877-160-H-L,0.83155453
1,P60709-12-N-D,0.7208626
1,P49959-47-A-V,0.961102
1,P45381-295-F-S,0.9612411
1,Q86XE5-177-D-Y,0.86645687
1,Q07889-170-K-T,0.93055755
1,Q9BWP8-169-S-P,0.4813287
1,P60484-136-C-Y,0.906775
1,P01111-12-G-C,0.9309595
